内容,标签,时间
"希望米11后续版本更新屏幕自适应刷新率60hz 90hz 120hz自动切换达到省电切流畅的体验<a href=""https://web.vip.miui.com/page/info/mio/mio/homePage?uid=28E92AF773CA73CFACB0420E1B506486&encryptUserId=28E92AF773CA73CFACB0420E1B506486"" target=""_blank"">@雷军 </a>@金凡","产品建议,小米11",2022-03-30 04:39:49
希望可以增加通讯录备注长度,"产品建议,小米11",2022-03-29 13:35:39
小米11的Miui13.0.6  快俩月没更新了，干嘛呢？忘了？,"产品建议,小米11",2022-03-28 22:12:26
小米11手机，版本miui13不支持小米自拍杆变焦功能,"产品建议,小米11",2022-03-28 22:02:02
手机同时连接了手表（手表也有蓝牙通话功能）和蓝牙耳机。来电时选择蓝牙模式，通话只能推送到手表上，无法推给蓝牙耳机。能不能优化下，增加个可选项。,"产品建议,小米11",2022-03-28 18:21:52
"一年内
小米11坏一次
充电器坏一次
黑鲨2por坏两次
黑鲨凤鸣耳机坏一次
我连背包，笔，啥的都是小米，能不能别伤爱小米的心❤️","产品建议,小米11",2022-03-28 16:12:35
更省电更丝滑,"产品建议,小米11",2022-03-28 15:26:10
昨天晚上就有这种情况，必须重启后才能恢复，手电筒打开了也不亮，需要重启，微信和QQ的扫码功能正常,"产品建议,小米11",2022-03-28 14:17:29
小米11为例，比如我用手机看了六个小时的微信读书，这6个小时里，其实我在做什么系统是能识别的，针对行为动态调整刷新率在60和120之间来变化，起码是能起到延长续航的，这一点工程师应该早想法了吧？安排上了么？,"产品建议,小米11",2022-03-27 11:23:02
小米11系统升级后出现黑屏后自动关机，然后自动开机，WiFi不能打开，换新机后还是出现，建议问题解决之前，恢复小米11系统至最后一次升级前以便用户正常使用。谢谢！,"产品建议,小米11",2022-03-27 09:55:19
自定义自动任务的开始条件和执行,"产品建议,小米11",2022-03-27 08:10:22
小米11手机上一些提示音都没有了，很不习惯，可不可以把一些老的提示音恢复，谢谢了,"产品建议,小米11",2022-03-26 20:31:46
请问这个音乐控制怎么让他消失？看着太烦人了,"产品建议,小米11",2022-03-26 16:01:59
"请问我的内存去哪了?加上运行扩展15g还不够吗？
每次发布新系统吹的都哪去了?剩余内存这么低玩个王者卡死我了","产品建议,小米11",2022-03-25 19:31:08
小米11录视频，打开防抖用不了60帧。,"产品建议,小米11",2022-03-25 17:17:01
小米11wlan和定位经常悄悄自启，特别是电量不足时自启频率越高，望官方修复。,"产品建议,小米11",2022-03-25 12:13:45
希望小米11能把原版音质音效做成一个开关，就跟小米10s一般，能让用户有更多选择性，震手问题取决于是否打开原厂音质开关，希望给用户更多选择。😁,"产品建议,小米11",2022-03-24 18:54:27
王者荣耀不支持120帧，为啥就不适配呢，4千多买的手机，还不如人家2千多的,"产品建议,小米11",2022-03-24 17:54:51
小米11标配版8+256的13系统 横屏功能用不了 有人处理吗 除了爱奇艺软件看电视可以横屏 其他软件和手机桌面都没办法横屏,"产品建议,小米11",2022-03-24 15:29:24
小米什么时候推出支持（戴口罩解锁）现在很多安卓手机都支持戴口罩解锁。,"产品建议,小米11",2022-03-24 12:55:01
学校医务室为核酸信息采集方便开发了app但并未在应用商店上线。于是我的米11安装不了来自非应用商店的软件，而我朋友的小米9却可以。希望工程师们能优化一下这个问题，帮我解决一下这个问题！谢谢了！,"产品建议,小米11",2022-03-23 23:40:41
"11后盖内是一张颜色薄膜，居然不是跟后盖颜色融为一体的，手机壳先是给它怼开胶，居然也能怼开胶。
今天去换屏整成这样儿，里面的螺丝清晰可见，我真的……绝望 夏天到了咋个用裸机 换手机都不够说服自己
如果希望通过损坏能使的用户短频换新真的就不值得成为国民品牌
希望各位能站在用户角度考虑各种细节，这个薄膜方案真的太不可思议了，太不负责了。
第一次用小米，遗憾是真的，也怕再出现类似的其他瑕疵问题
","产品建议,小米11",2022-03-23 23:09:51
"小米11为什么王者没有120帧
游戏:王者荣耀
希望快点解决","产品建议,小米11",2022-03-23 22:30:40
能不能开个原厂音响的开关啊，现在音质是真的不行,"产品建议,小米11",2022-03-23 19:55:26
小爱五周年，小爱同学已经陪伴了我们这么久了，小爱同学的功能也逐渐得到了增加，在各种手机人工智能中已经是很前端的了。小爱定制形象这一功能的出现无疑是一个很大的亮点，但小爱定制形象的建模略显单调，期望后期能有所优化。同时小爱形象只有在小爱被唤醒的状态下才会出现，对话结束就会消失，那么可爱的小爱形象不应该仅仅局限于唤醒页面，小爱同学的形象如果能常驻桌面岂不美哉！,"产品建议,小米11",2022-03-23 18:04:55
1.续航太差，工作一天回家后没啥电了，而且还没怎么玩过。（建议:运行的程序回到桌面后能不能限制一下不让它占用CPU，只是占用内存，下次加载也比较快），我自己没有习惯清理后台，而且清理后台后，下次打开重新读硬盘也比较费电。 2.主题最好打造一款具有成熟、稳重气息的主题、包括字体、设置配色等，毕竟小米也不是只卖年轻人。我个人觉得没有华为手机那样成熟、稳重的那种感觉。一般上了30岁左右的人买了手机也不会换主题。APP图标一目了然知道是干什么的。不是那种花里胡哨的配色，稍微隔远一些APP字都看不清楚。 3.相机内置声音真的不好听，最难听的就是默认的。不要那种太尖锐的声音。温和一些。 4.内置通知铃声特色是有，搞点具有温和一些的乐器声。年纪大的人受不了尖锐的铃声。 5.指纹解锁动画感觉太卡顿，（掏出手机直接解锁动画特别不流畅，如何先按开关点亮屏幕解锁就没那么卡顿） 6.相机希望优化一下，感觉晚上家里亮灯照相不怎么清晰，也不怎么智能。不是有AI吗？这个对我来讲无所谓的。,"产品建议,小米11",2022-03-23 01:30:57
希望回调米11原始音质，或者加一个原始音质的开关，觉得震手不喜欢的可以不开，让我们用户自己选择。,"产品建议,小米11",2022-03-22 02:11:06
小米11使用app扫描单车二维码时经常出现一直扫不出来的情况，要进行优化,"产品建议,小米11",2022-03-21 21:14:08
建议玩游戏的时候消息通知可以变成弹幕形式,"产品建议,小米11",2022-03-21 14:38:36
"建议小米手充电充满后自动断充，或者有提示充电以完成等提示。<a href=""https://web.vip.miui.com/page/info/mio/mio/homePage?uid=AE3733952CFEBA85965B9876116AEFEF&encryptUserId=AE3733952CFEBA85965B9876116AEFEF"" target=""_blank"">@MIUI公告君 </a>","产品建议,小米11",2022-03-21 14:15:37
系统都是miui13，自己另一台红米手机的手机管家有定时关机功能，但是米11没有，这个功能挺好的，希望更新加上,"产品建议,小米11",2022-03-20 23:35:23
这玩意儿怎么去掉,"产品建议,小米11",2022-03-20 21:01:49
"1，音质音质音质再饱满些
2，拍照拍照拍照再流畅些
3，续航续航续航再给力些","产品建议,小米11",2022-03-20 09:40:42
小米11不开应用12G运行内存只剩下5G,"产品建议,小米11",2022-03-20 08:21:59
手机出来一年多内测资格开放就出来了两次！一直没名额不能多搞几个名额吗，这台手机📱应该很多人买把,"产品建议,小米11",2022-03-19 20:57:27
为啥最近不更新系统了,"产品建议,小米11",2022-03-19 16:38:54
"1 请在下一个版本的优化里，增加一下息屏后消息来了通知光效的显示持续时间吧，现版本的显示时间就4/5秒而已。实在是太短了，生活里往往很容易错过及时的消息读取。所以请增加到最长60秒的自由设置时间。（时间可以由5秒到60秒之间用户自行选择）

2请把息屏通知光效的效果多增加几个，现版本的跑息屏通知光效只有三个，请增加到6个以便选择性更广，多谢。

以上。","产品建议,小米11",2022-03-19 04:38:06
"排版，步骤，都不如之前的
更新了还不如不更新
快点改","产品建议,小米11",2022-03-19 00:06:13
"夏天不是快到了吗……
其实还是有很多人不打游戏 就是普通日用
但是日用米11续航一样拉胯得要死
电流轻轻松松上1000maA
开省电模式也还是差不多……
其实我觉得可以专门出个日用模式
对不追求性能的场景
把火龙888的频率压一下 再适度降一点压……
不仅温度下去了 续航也起来了
原来的均衡和性能模式依然保留
或者按我上述所说的优化一下均衡模式
不然真的均衡模式太太太耗电了
包括省电模式也是 我真的不知道省电在哪里……
对于有需求的人可以自己开性能模式
大部分时候不打游戏的人根本不需要那么高的CPU频率啊……","产品建议,小米11",2022-03-18 22:21:40
小米12的极速拍照什么时候下放到小米11之类的机型，小米11拍照太卡了,"产品建议,小米11",2022-03-18 17:46:12
你们的小米手机，用手摇手机上半部分会不会响，我的感觉就像啥掉了咣当的响呢！,"产品建议,小米11",2022-03-18 14:47:34
能不能出个不降频锁帧的版本，玩游戏真的是卡的不得了，你们那个PPT介绍也别拿原神测性能了，出的几款手机都翻车，我就想要个不锁帧的版本，买个散热背夹，温度压住了，帧数竟然还上不去，简直无语。,"产品建议,小米11",2022-03-18 13:25:43
在疫情肆意的年代，现在人体体温测试很普遍，为了更加便捷的使用测试人体体温，建议手机红外增加测试温度的传感器，可以立马获取人体的温度，避免测温枪或者水银温度计的资源浪费。,"产品建议,小米11",2022-03-18 12:02:18
Carwith什么时候才公测呀？？？？？？,"产品建议,小米11",2022-03-18 02:25:37
好多耳机都支持LC13了现在，尊贵的骁龙888旗舰机为什么还不支持,"产品建议,小米11",2022-03-18 00:34:59
比如多跟苹果学习，苹果拍照是真好用，基本有手就行,"产品建议,小米11",2022-03-17 23:53:25
希望小米11拍照水印能改成这样，或者可以增加自由选择水印的按键,"产品建议,小米11",2022-03-17 21:19:36
小米11主MIC怎么突然有杂音＃杂音,"产品建议,小米11",2022-03-17 20:40:03
别做手机了，我花将近5000块钱买的这是什么辣鸡？打英雄联盟手游不到二十分钟，烫的拿不住，这二十分钟里面掉帧，延迟到999的次数五六次，我买这东西就是用来发微信刷抖音的？真的是工业垃圾，再不要和友商做比较了，不配，65w充电器充满要一个多小时，我真的肠子都悔青了，辣鸡！,"产品建议,小米11",2022-03-17 17:38:52
小米11铃声音量存在缺陷，系统提示音和来电铃声共同控制，我想让提示音小点手机开电铃声又过小听不到，但是音量大了提示音又太大了，谁会吧提示音开那么大呀，希望分开控制两个铃声的音量。,"产品建议,小米11",2022-03-17 10:50:54
什么时候可以用点击器？,"产品建议,小米11",2022-03-16 21:10:11
在菜单栏里只有总联网设置的开关，每个应用数据WiFi联网的管理需要到手机管家里设置，希望下拉栏里增设一个应用联网管理的助手。,"产品建议,小米11",2022-03-16 16:56:53
miui13版本打游戏的时候，手指滑到屏幕中间偏上部分的时候，状态栏老是自己下来，很影响使用，求求了，优化一下吧,"产品建议,小米11",2022-03-15 22:23:54
"每次使用手机声控拍照都需要点一下“声控拍照”开关，但是退出照相机后，下次再打开相机，还要重复同样的操作。这样的设置对残障人士和经常使用声控拍照的人，是一点也不友好。
能不能像华为手机相机一样的，打开声控拍照开关后，就会永久打开该设置，不会因为退出相机而自动关闭声控拍照功能。","产品建议,小米11",2022-03-15 21:18:08
开手机热点可以看到已消耗了多少流量,"产品建议,小米11",2022-03-15 09:30:24
发帖还有积分吗,"产品建议,小米11",2022-03-15 01:01:00
各位大哥，问一下状态栏的时间怎么精确到秒啊,"产品建议,小米11",2022-03-14 18:19:08
现在系统版本是多少?感觉一个世纪没更新了 是我一个人吗,"产品建议,小米11",2022-03-14 16:37:52
希望小米11相机里的录像功能能像拍照一样能调比例 有时候不想拍全景 谢谢,"产品建议,小米11",2022-03-14 12:32:48
我到小米专卖看的样机,"产品建议,小米11",2022-03-12 10:26:11
现在夏天来了，小米11发烫的很厉害，单单就刷抖音就40度了，很烫，工程师们，你们是不是没有及时处理好后台机制吖，导致发热功率极高，同时你们应不应该，对于平常正常使用的一些客户，应不应该稳定一下当前的手机温度呀，打游戏可以发热发烫一点，但一般情景下，应该就及时处理好后台，将一些不必要的后台隐藏的消耗软件及时进行处理，已达到优化目的。,"产品建议,小米11",2022-03-11 23:38:01
系统好久没更新过了,"产品建议,小米11",2022-03-11 17:02:43
增加指纹七彩色显示，例如，充电时指纹亮蓝色，充满指纹关闭！就像呼吸灯一样,"产品建议,小米11",2022-03-10 20:35:54
"天气热起来了，今天出门游玩，多开了几个app,一不小心都有47度了，天热的时候我不需要多大的性能，稳定节能才是我需要的！","产品建议,小米11",2022-03-10 20:24:11
开发版公测为什么没有每周更新,"产品建议,小米11",2022-03-10 20:19:19
由于有一个生活微信，两个工作微信，需要达到三开微信的需求。一定是系统自带的，不能下载第三方的，因为第三方的不提醒。,"产品建议,小米11",2022-03-10 14:54:24
系统好像好久没更新了，该有个预告了吗？,"产品建议,小米11",2022-03-10 11:28:19
各位大佬 有没有小道消息知道下个月的米粉节有没有换电池的活动呢,"产品建议,小米11",2022-03-10 11:15:28
每次来微信，要么返回，要么开小窗口，影响玩游戏，加个弹幕通知就好了也不影响游戏体验！,"产品建议,小米11",2022-03-10 09:59:18
"答题100，应该可以进内测吧。<a href=""https://web.vip.miui.com/page/info/mio/mio/homePage?uid=44B286FC940F42F6B785BA6405128BDA&encryptUserId=44B286FC940F42F6B785BA6405128BDA"" target=""_blank"">@开发版内测公告 </a>","产品建议,小米11",2022-03-10 05:37:38
"为什么忘记密码就要恢复出厂设置才可以？
手势密码我设定的就那几个，结果一个都解不开","产品建议,小米11",2022-03-10 02:58:46
小米11啥时可以设置铃声，不在返回设置页面,"产品建议,小米11",2022-03-09 22:18:11
已经3个多月没有更新稳定版了，什么时候更新啊？,"产品建议,小米11",2022-03-09 20:31:02
小米11相册内拍完的图片老是自动旋转，直的给我旋转成横的，你们的重力感应器是买的地摊货吗？想关闭选项在设置里找了半天找不到，你们的设计部和研发部干什么吃的？怎么做系统的？ ,"产品建议,小米11",2022-03-09 19:49:17
"上课用的课件，要用希沃白板才能打开，但点下去，却只有4个软件可以选，而且都打不开！找不到希沃白板选项，这对老师来说，太难了<a href=""https://web.vip.miui.com/page/info/mio/mio/homePage?uid=B75265E308F91E176E83A8CAF3DD1FF5&encryptUserId=B75265E308F91E176E83A8CAF3DD1FF5"" target=""_blank"">@小米动态 </a>","产品建议,小米11",2022-03-09 19:34:08
"近拍的时候主摄白平衡过冷🥶
建议改一下，主观感受就是颜色寡淡，每次都要去相册编辑器里跳白平衡。
示例照片，第一张为直出，第二张为调整过后，色彩还原才正确","产品建议,小米11",2022-03-09 18:46:47
耳机声音音量关很小 还是觉得大 ,"产品建议,小米11",2022-03-09 14:49:58
小米11能增加一个原产音质吗，不想震手可以关掉。,"产品建议,小米11",2022-03-09 11:17:47
希望小米11能够有90赫兹刷新率,"产品建议,小米11",2022-03-09 02:31:00
为什么小米11还没适配使命召唤的90帧模式,"产品建议,小米11",2022-03-08 18:46:41
蓝牙设备解锁是很有用的一个功能，但是不支持非小米的手环和手表，希望能增加对非小米设备的支持，如果能支持除了手环和手表以外的各类蓝牙设备就更好了，谢谢！,"产品建议,小米11",2022-03-08 18:20:09
小米11wifi烧了能换别的颜色吗？还是说什么颜色只能换什么颜色？有没有人知道？谢谢,"产品建议,小米11",2022-03-08 14:36:32
各位大佬  申请公测过后多久可以通过审核呢,"产品建议,小米11",2022-03-08 14:05:38
小米11手机锁屏后，再次唤醒桌面会出现天星金融钱包，但是手机里并没有这个app#,"产品建议,小米11",2022-03-08 09:21:14
可以给指纹样式多设计几个好看的吗，参照oppo那些。再就是优化一下指纹识别速度还有动画,"产品建议,小米11",2022-03-08 08:33:44
我用的版本13.05以前设置了定时开关机，然后唤出小爱同学我关了关了，可是第二还是以前一样定时开关！,"产品建议,小米11",2022-03-08 06:46:15
为什么米11系统不更新了😡,"产品建议,小米11",2022-03-07 17:28:44
"操作步骤
所有的需要另外系统提示框的都变成这样了
预期结果
是否能在dpi不变的情况下，把提示框移到下面，谢谢
实际结果
dpi改成450以后就变成这样了，是不是有啥问题呀","产品建议,小米11",2022-03-07 17:08:53
刚出来首发买的小米贼流畅，原神谁便跑60帧，现在能跑30帧都谢天谢地了，我花大几千买个挂着骁龙888名字的骁龙845手机，这不是恶心人吗，就叫王者这种游戏都稳定不了90帧，这就是小米的调度？这就是你们的科技水平？这就是你们留住米粉的手段？小米11真的被你们搞成了小米史上第一部最垃圾的手机，成功让我粉转黑，就这像怂逼一样的调度，还要对标苹果？苹果人家开省电模式都能60帧，人家还没有堆散热，你们猛堆散热还搞不赢人家的省电模式，甚至还赶不上上一代骁龙865，你们开倒车还是有一手的,"产品建议,小米11",2022-03-07 16:24:30
这更新速度也太慢了，开发组把小米11给忘了？,"产品建议,小米11",2022-03-07 10:18:27
不用怎么讲的 一年来 断断续续的 你们相机聚焦一直有问题 近视的离谱 老花眼了是吧,"产品建议,小米11",2022-03-06 21:12:45
能不能在AI相机里设置个自定义水印,"产品建议,小米11",2022-03-06 19:47:27
小米能不能学学华为，提供官方换外屏服务，不然只是外屏坏了，换整个屏幕要一千多,"产品建议,小米11",2022-03-06 18:09:03
打开省电模式时，建议添加降低分辨率，续航刚好,"产品建议,小米11",2022-03-06 14:22:29
小米11稳定版不更新了吗？,"产品建议,小米11",2022-03-06 10:37:54
如今很多耳机都支持4.0了，作为近年的旗舰机还不支持实在说不过去，连自家的3pro都没适配完，已经拖了几个月了希望可以加快速度升到4.0，满足一部分米粉的心愿吧😭,"产品建议,小米11",2022-03-06 10:34:21
过保了，申请延时半年售后服务，都一个月了，一直没有生效,"产品建议,小米11",2022-03-06 07:31:50
现实生活中有时候需要估算大概的距离，但又没有带尺子的情况。希望手机能够增加测试距离的功能，在生活中临时测距又没有尺子的时候能够用上。,"产品建议,小米11",2022-03-05 22:52:25
这是怎么了，一个多月没有更新了。,"产品建议,小米11",2022-03-05 21:24:00
连延保都不能买了？,"产品建议,小米11",2022-03-05 21:08:11
小米11 烧屏可以免费更换吗？,"产品建议,小米11",2022-03-05 18:45:21
我在看视频的时候可能会不小心划到了界面，然后声音被调到最大的轰隆隆耳机耳朵一下子就聋了，一开始会有一个音量过大的提醒，然后我点了不再提醒以后，他现在也没办法开了，难受，我希望，小米可以增加这个功能，我觉得这很有必要，这个功能就是要不要开启那个音量限制。,"产品建议,小米11",2022-03-05 17:10:41
前两天WiFi坏了打不开用不了现在今天突然又可以用了有人出现过这样的情况吗,"产品建议,小米11",2022-03-05 16:26:15
有没有大神知道，记得以前玩和平精英可以开精彩录屏的，现在怎么显示手机不支持了？,"产品建议,小米11",2022-03-05 11:18:39
现在小米11更新miui后直接推开发版吗？,"产品建议,小米11",2022-03-05 11:08:32
问一下内测分刚超过300分，现在申请公测容易通过么,"产品建议,小米11",2022-03-05 10:58:09
小米11 好像很久没有更新系统了,"产品建议,小米11",2022-03-04 15:04:34
大家知道米11稳定版多久没跟新了？,"产品建议,小米11",2022-03-04 13:27:31
用了一年，这个电池状态正常吗？,"产品建议,小米11",2022-03-04 11:28:04
稳定版什么时候更新？？有人知道吗,"产品建议,小米11",2022-03-03 22:38:59
"操作步骤
为什么之前有手电筒，现在没了？
预期结果
111111111111111
实际结果
1111111111111111","产品建议,小米11",2022-03-03 10:17:12
希望小米11手机也可以选择极致模式。我已经购买了散热背夹，希望小米11能够开放极致模式，将CPU调度激进起来，而不是原神超大核锁帧。,"产品建议,小米11",2022-03-02 23:28:41
希望小米能改改连接蓝牙后通知提示音外放,"产品建议,小米11",2022-03-02 23:14:12
艹烧了家人们这咋办呀。,"产品建议,小米11",2022-03-02 23:10:41
兄弟们，你们的小米十一上半部分会不会晃动呀，为什么我这个换新机感觉晃得好厉害，上下动手机手都能感觉到手机壳的上半部分里面有东西碰撞了,"产品建议,小米11",2022-03-02 20:28:38
"操作步骤
小米手机，进入游戏加速软件，可以屏蔽消息，但是微信电话打过来之后，会自动弹出游戏界面，很影响游戏体验！如果游戏不在游戏加速里，就不会弹到微信里去
预期结果
小米11的bug，官方大大请尽量快修复！
实际结果
小米11进游戏加速里之后，会被微信电话弹到另一个界面
补充说明
小米11bug","产品建议,小米11",2022-03-02 14:05:56
"操作步骤
小窗卡在屏幕中间，影响使用
预期结果
不在中间触发小窗，正常使用
实际结果
总在中间触发，一直打开","产品建议,游戏加速,小米11",2022-03-02 12:11:37
东西怎么取消？,"产品建议,小米11",2022-03-01 19:43:34
华为，V，O，苹果，都有了互联功能了，小米迟迟不见动静你们是要等到你们的车量产了才出吗？连万物就是不能连车？难道用小米的不开车？十月份就讨论讨论到现在你们还在讨论，你们出也好不出也罢你们倒是说一下啊？不要让我们等这么久啊，车机互联是年轻人必须要有的，小米不带别的手机带随时米粉变黑粉了，越想越气,"产品建议,小米11",2022-03-01 00:31:33
耗电问题，希望改进,"产品建议,小米11",2022-02-28 08:58:54
米12有打断动画，米11也要！自从更了13之后没了打断动画，不丝滑了，好难受,"产品建议,小米11",2022-02-28 08:51:00
建议多添加一些好看的指纹解锁特效，这些有点难以入目,"产品建议,小米11",2022-02-27 20:05:48
小米11要求支持LHDC4.0,"产品建议,小米11",2022-02-27 17:56:46
视频工具唤起栏太靠下，用全面屏手势返回的时候很容易误触,"产品建议,小米11",2022-02-27 13:15:13
手机有问题刚用了四个月，手机屏幕图像经常出现花屏，这是唯一一次截到图的记录,"产品建议,小米11",2022-02-27 07:44:30
昨天去核酸检测，用微信扫个码都要等三秒以上才能显示画面，拍照质量我已经不抱希望了，能把启动速度提高一下吗？,"产品建议,小米11",2022-02-26 09:41:34
"机型:小米11 8+128 烟紫素皮
系统:MIUI 13.0.5.0
我想反馈的主要有三个问题——自动亮度调节、指纹解锁、勿扰模式
1.自动亮度调节
在光线偏暗条件下（傍晚时分），屏幕亮度会有规律地明暗交替（变化幅度很大），期间并无外置光源。在自然光条件下发生这种情况我也是昨天第一次遇到。不知道是硬件原因还是系统问题。再一个就是亮度调节不够灵敏（这是小米的老毛病了不知可找到药方?）
2.指纹解锁
这个作为消费者我是难以接受的，屏下指纹解锁都出多少年了在小米手机上还是个老大难的问题。指纹解锁慢、不灵敏我就不说了，关键那个触感反馈和解锁光效真令人反感（我觉得应该不止我一个人这样认为）
3.勿扰模式
我设置了勿扰模式定时开启23:00-7:00，可等到第二天勿扰模式关闭后仍然收不到来电和信息提示。如果这不是偶然情况希望尽快调整谢谢","产品建议,小米11",2022-02-25 23:31:11
"更新到13.0.6以后,如果打开锁屏壁纸轮换，开屏会出现雪花屏的bug","产品建议,小米11",2022-02-25 10:33:56
小米11发布会说的四档变速高刷怎么现在还没有这个功能呢？,"产品建议,小米11",2022-02-25 10:18:15
我半夜刷到个“状态栏歌词”，有谁知道怎么弄嘛,"产品建议,小米11",2022-02-25 01:23:30
如题  经常性误接和点到什么AI通话功能，太垃圾了  都没有锁屏防误触功能的  用过很多手机都没出现过这些问题,"产品建议,小米11",2022-02-24 22:25:52
建议侧边栏可以随意切换位置，而不是固定到左边或者是右边。,"产品建议,小米11",2022-02-24 18:35:26
"1.针对小米11系列
2.什么时候适配LHDC 4.0
3. 尽快适配LHDC 4.0","产品建议,小米11",2022-02-24 13:21:15
骁龙888硬件支持，不知为何官方不做，不要开完发布会就不解答了,"产品建议,小米11",2022-02-24 10:57:30
内存拓展开启之后无效，内存不变,"产品建议,小米11",2022-02-24 00:21:47
为啥小米11王者不能开120,"产品建议,小米11",2022-02-23 22:50:07
记账功能，当手机使用移动支付功能时记账功能能自动记账。点进去能看每日每月的支出和收入，简单分类备注收入支出类型。,"产品建议,小米11",2022-02-23 09:27:02
息屏界面和锁屏界面刷新率120帧，设置60帧关闭屏幕息屏和锁屏还是120帧，早上六点二十充满电息屏一直开着到晚上七点基本上没大玩，就接了两个电话回了几条微信，耗电百分之六十多，剩余百分之三十多，这该优化优化了吧，希望能达到小米发布会上说的一样，息屏30帧！,"产品建议,小米11",2022-02-23 07:48:38
动画再做好点,"产品建议,小米11",2022-02-22 17:50:29
"手机短信多了以后未读的还是按时间顺序排列容易漏读，特别是取件码之类的漏读非常误事。
建议未读短信（含通知消息）自动置顶排列，避免漏读短信。","产品建议,小米11",2022-02-22 10:51:49
"MIUI13系统版本中，WiFi自动关闭开启功能没有了，希望添加上
","产品建议,小米11",2022-02-22 08:22:27
"车道级导航
高精度导航出来这么久了，
赶紧挺好用的，希望小米11赶紧加入赛道内卷","产品建议,小米11",2022-02-21 16:39:36
小米11更新最新版游戏加速空间没有弹屏通知功能,"产品建议,小米11",2022-02-21 01:00:45
MIUI12.5肚子负一屏的睡眠检测现在MIUI13怎么没有了，在小部件里也找不到啊,"产品建议,小米11",2022-02-20 21:28:26
我内测资格退了保留了公测，公测又不能直接切换还需要内测的资格，系统版本卡在这了,"产品建议,小米11",2022-02-20 05:19:58
强烈建议把游戏中心《自动连招》修复回来,"产品建议,小米11",2022-02-20 01:50:38
消息通知悬浮弹窗下拉小窗口为什么没有了？希望可以恢复此功能，因为在打游戏或者追剧或者其他页面时，消息来了无需退出正在使用的页面，可以通过下拉小窗直接回复信息真的很便利。谢谢！期待！！！,"产品建议,小米11",2022-02-20 00:21:46
建议在这里添加一个显示电量的百分比,"产品建议,小米11",2022-02-19 13:43:32
对于小米11烧主板的用户来说，是不应该把云服务空间补偿大一点呀，第一次烧的时候手机突然无法开机，里面的所有数据，照片，微信聊天记录视频文件等，全都损失，无法挽回，现在想云备份，却只有5GB空间，是不应该把烧主板用户的云空间补偿大一些呢？？？,"产品建议,小米11",2022-02-19 13:11:48
手机在操作时，会出现啧啧的声音，还会出现短暂黑屏，屏幕卡停问题，这让人很担心是不是手机内部原件有问题是出现这种啧啧的声音，突然黑屏可能是系统优化问题,"产品建议,小米11",2022-02-19 10:10:36
第一张是我的去年六月买的小米11连接WiFi照片，第二张是我新买的红米k40WiFi连接情况，同一个WiFi，手机设置一样，我的小米11偶尔才会连上一小段时间的第六代WiFi，红米k40几乎一直都是连接第六代WiFi，而且速度也更快，我就很疑问？是现在我四千买的小米11不如一千八买的红米k40了吗？ 我就很疑问期待解惑,"产品建议,小米11",2022-02-18 20:38:44
"建议增加停车助手功能
连接车载蓝牙时，自动记录并追踪当前定位，熄车时自动记录记录。
这样方便在陌生地方找车，及记录停车时长，便于停车计费","产品建议,小米11",2022-02-18 16:12:02
k50都有弹幕通知了  其他系列会上不？真的好用啊,"产品建议,小米11",2022-02-18 15:15:25
啥时候能用上k50的消息弹幕  啊   ,"产品建议,小米11",2022-02-18 00:31:04
喜欢可以增加内测名额，因为有人不小心退出来了，现在没办法关系版本,"产品建议,小米11",2022-02-17 22:27:05
希望尽快加上k50电竞版上的游戏弹幕通知,"产品建议,小米11",2022-02-17 13:58:06
"赶紧优化设计<a href=""https://web.vip.miui.com/page/info/mio/mio/homePage?uid=63E5F494F8BAEA78ACD56F7F39A28E01&encryptUserId=63E5F494F8BAEA78ACD56F7F39A28E01"" target=""_blank"">@小米社区 </a><a href=""https://web.vip.miui.com/page/info/mio/mio/homePage?uid=AE3733952CFEBA85965B9876116AEFEF&encryptUserId=AE3733952CFEBA85965B9876116AEFEF"" target=""_blank"">@MIUI公告君 </a>","产品建议,小米11",2022-02-17 13:17:18
"操作步骤
小米11不能打开LHDC
预期结果
买了3pro这就半年了快还不适配LHDC赶紧适配小米11啊
实际结果
小米11没有lhdc","产品建议,小米11",2022-02-17 10:50:49
屏幕显示差异化，建议把小米11手机2K显示3200*1444改回3200X1444屏幕显示，提升屏幕显示小米11系统手机用户不需要区别对待,"产品建议,小米11",2022-02-17 10:27:02
同样的的蓝牙耳机，在苹果手机上面音质比较好，小米11音质不行，系统原因还是硬件问题？？？,"产品建议,小米11",2022-02-17 09:09:48
"加入循环闹钟，比如每10分钟提醒我一次
加入番茄钟功能","产品建议,小米11",2022-02-16 23:17:00
小米11什么时候可以有玩游戏的时候将微信消息变成弹幕的功能,"产品建议,小米11",2022-02-16 20:02:29
一元流量内测中是什么情况？如何才能使用,"产品建议,小米11",2022-02-16 16:46:17
之前的敲两下开手电筒使用很方便怎么没了？还能不能加回来？,"产品建议,小米11",2022-02-16 11:16:30
24点了硬是没等到更新。。。,"产品建议,小米11",2022-02-16 00:02:04
"强烈建议性能有一键开启，而不是开个性能模式找俩地方:手机管家性能模式和游戏工具箱性能模式。
这样非常鸡肋","产品建议,小米11",2022-02-15 16:34:56
希望这些铃声声音大小可以分开调节，有时候通知铃声声音实在是太大了,"产品建议,小米11",2022-02-15 14:35:15
希望以后叫了小爱同学，数据流量能够自动打来，这样一来就不用每次手动打来小爱同学才能用，这样很麻烦。,"产品建议,小米11",2022-02-15 09:32:42
"兄弟萌 我宣布个事儿  miui13失败
原罪一:充电速度变慢
原罪二:耗电速度加快  户外续航能力进一步削弱  省电模式都不好使  开启超级省电 你能想象  一上午偶尔打开竟然耗费了30%左右的电量 这是极其可怕的事情
原罪三: 玩游戏以前手机发热还能维持帧率不至于卡顿  现在更新之后打王者会出现以前联发科低配手机的使用体验
这些基础的功能没有提升 在边边角角的有的没的一直更新加料 
我想问开发组们 能不能划分一下各种针对性版本
喜欢玩游戏用户的侧重游戏版本
喜欢日常的用户侧重日常轻度保持续航的版本
现在还不如刚买手机的音效性能  你怎么解释呢 一届一届一届的更新小组改过不拉? 换汤不换药呀 最初的版本挺好的你把它换了干嘛  
这下好了 13比不过12  12比不过11 再下去的话没的比了    


!脸都不要了","产品建议,小米11",2022-02-14 20:55:25
求米11自适应刷新率，稳定版都有,"产品建议,小米11",2022-02-14 15:00:36
现在小米11已经过保了，希望把性能全部释放，就算烧wifi也没人找你们了，把性能全部还给我们吧,"产品建议,小米11",2022-02-14 09:16:23
"用不到2年
WiFi无法打开 屏幕异色 状态栏卡顿的动不了
应用丢失 开启超级省电退出界面全乱了
小米 牛呀","产品建议,小米11",2022-02-14 08:58:32
小米11全面屏侧边返回滑动有轻微震动，能不能关掉呢，个人不太喜欢,"产品建议,小米11",2022-02-13 23:01:41
"日历
标记生日时可编辑寿星年龄<a href=""https://web.vip.miui.com/page/info/mio/mio/homePage?uid=6D90332C29275B4645F2C67D010EB053&encryptUserId=6D90332C29275B4645F2C67D010EB053"" target=""_blank"">@小米日历研发 </a>","产品建议,小米11",2022-02-13 22:45:54
希望笔记app里面的思维导图模式能插入照片!,"产品建议,小米11",2022-02-13 12:14:35
骁龙888硬件支持，不知为何官方不做,"产品建议,小米11",2022-02-13 11:22:13
极致稳帧≠锁帧,"产品建议,小米11",2022-02-13 11:20:41
以支持Redmi airdots 3 pro,"产品建议,小米11",2022-02-13 07:25:24
小米手机的手电筒能调节亮度,"产品建议,小米11",2022-02-12 20:03:48
有些时候用扬声器时，声音小了一挑就又有点大了，尤其是在耳机状态下。希望说可以在设置中添加一个“给细致的音量调节”可以讲将音量调节更加细致,"产品建议,小米11",2022-02-12 16:06:35
希望13在手机丢失上能加上拍照功能，打电话通话中声音不小，希望能修复,"产品建议,小米11",2022-02-12 12:16:21
手机管家增加电池健康状况,"产品建议,小米11",2022-02-12 11:25:18
"大佬们.小米11升级miui13后.小鸡x2手柄插上手机不识别了,篮灯一直闪.这手柄不是蓝牙，是C口连接的。以前的MIUI12可以用。百度查别人也这样，说是小米MIUI13少了手柄驱动，请补上。","产品建议,小米11",2022-02-12 11:06:08
从稳定版线刷到v13.0.4.1.1DEV后，始终无法收到更新推送，求帮助,"产品建议,小米11",2022-02-11 23:18:53
雷总，啥时候把小米11打微信视频手机发烫的问题优化一下？还有烧屏问题，买了不到半年，烧屏，换了一个屏没两月，又烧屏，总不能像售后说的那样，让我少刷点抖音吧？,"产品建议,小米11",2022-02-11 15:49:46
"问一下小伙伴们米11的刷新率怎么没有90呢，已更新到13.0.5版
","产品建议,小米11",2022-02-11 12:49:29
"从买了手机到昨天下午之前，手机一直是单卡（中国移动）使用状态，并且5G信号一直稳定不掉信号📶。     
  昨天下午新办了一张中国联通的电话卡，和移动的手机卡一起在手机里使用，发现原中国移动以及新办的中国联通手机卡均达不到5G稳定状态，都降到4G信号了，甚至两张手机卡在信号开阔的地方都出现下降一到两格信号📶（其他手机一样的运营商和我在同一个地方都是正常信号）。
   后来调换卡槽问题依然存在，我试着在手机设置里面关掉一张手机卡，发现未关闭的另外一张手机卡信号瞬间满格，并且正常显示5G状态。 
  <a href=""https://web.vip.miui.com/page/info/mio/mio/homePage?uid=63E5F494F8BAEA78ACD56F7F39A28E01&encryptUserId=63E5F494F8BAEA78ACD56F7F39A28E01"" target=""_blank"">@小米社区 </a><a href=""https://web.vip.miui.com/page/info/mio/mio/homePage?uid=F15F157538583B42B12C5CB6CE2FDD7A&encryptUserId=F15F157538583B42B12C5CB6CE2FDD7A"" target=""_blank"">@文教授 </a>希望小米官方解答组能重视一下这个问题，真的是严重影响到双卡用户的使用，看到社区有很多11用户都有信号问题的反馈，但是一直没有人出来处理，求关注这个问题！谢谢！<a href=""https://web.vip.miui.com/page/info/mio/mio/homePage?uid=63E5F494F8BAEA78ACD56F7F39A28E01&encryptUserId=63E5F494F8BAEA78ACD56F7F39A28E01"" target=""_blank"">@小米社区 </a>","产品建议,小米11",2022-02-11 00:53:04
能不能多加些小组件固定九个是真的不够玩,"产品建议,小米11",2022-02-11 00:38:41
"希望传送门翻译弹出窗口是浏览器小窗
长按传送门-文本识别-翻译-弹出浏览器小窗-显示翻译结果","产品建议,小米11",2022-02-11 00:13:40
Miui13的视频工具箱怎么没了，还有就是很想要在视频工具箱中加入息屏挂机功能。我已经因为挂抖音烧了一次屏幕了，用游戏工具箱启用息屏挂机，容易挂着挂着就杀后台了，而且启用了游戏模式，亮度自动最大，不能呼出通知栏，影响非睡觉前刷视频使用,"产品建议,小米11",2022-02-11 00:11:51
"1、当手机连接指定车载蓝牙，自动打开设定音乐APP；（此功能目前试过，完美）
2、当手机离开指定车载蓝牙连接，自动任务可以设置自动关闭指定音乐APP就好了。（此功能目前好像没有）","产品建议,小米11",2022-02-10 17:32:52
怎么修改桌面图标的名字？,"产品建议,MIUI13评测大赛,小米11",2022-02-10 16:45:55
"何时实现小米11系列发布会说的4档刷新率？

希望官方给个说法，别搞些热心网友解答组给我来句硬件不支持。

我谢谢棱！","产品建议,小米11",2022-02-10 12:58:03
打一会游戏就跳帧，这是旗舰机的水准？比中段位的手机都拉,"产品建议,小米11",2022-02-09 12:42:12
能不能把系统升级彻底关闭。最讨厌你不注意开启。真的不想升级。升级一大堆问题。,"产品建议,小米11",2022-02-08 17:40:32
开启前后帧数都是30呢,"产品建议,小米11",2022-02-08 17:35:05
建议性能模式温控放宽些 能充分释放性能 别老是降频锁帧,"产品建议,小米11",2022-02-08 11:37:47
拍照慢，按下快门时没反应或者反应慢。不是说什么小米11一亿像素拍完需要时间优化，就是小米优化不行，我哥的米9拍照也慢。我一换到谷歌相机一点快门马上都拍好了。,"产品建议,小米11",2022-02-07 21:10:56
小米11希望支持90hz刷新率，120hz太费电了,"产品建议,小米11",2022-02-07 17:15:06
更新之后这个状态栏里的音乐怎么关,"产品建议,小米11",2022-02-07 15:13:59
小米11的NFC门禁模拟有问题啊，息屏时刷不上，有时候界面出来了，NFC没响应，有时候是真的社死（我NFC是常开的，没有关）,"产品建议,小米11",2022-02-07 11:14:28
目前13.0.5这个版本玩游戏时开着性能模式而且不发烫的情况下掉帧严重，非常影响手机使用体验,"产品建议,小米11",2022-02-06 13:51:19
优化白天拍照速度，优化夜拍延迟,"产品建议,小米11",2022-02-06 10:04:41
现在小米11已经有90hz的刷新率了，那为什么不在刷新率里面再加上一个自适应刷新率？这样大家用起来都方便。而且现在自适应刷新率已经可以用软件调节了吧？,"产品建议,小米11",2022-02-06 08:54:13
请攻城狮马上破解软件应用兼容，谢谢,"产品建议,小米11",2022-02-06 08:53:14
21.9.1开发版没法升级miui13,"产品建议,小米11",2022-02-05 12:59:24
"小米11系列
烧WiFi普遍存在于小米11
建议召回小米11
小米11#
","产品建议,小米11",2022-02-05 10:09:31
第三方桌面什么时候支持手势导航？单手玩手机用虚拟键其实难受,"产品建议,小米11",2022-02-04 22:10:46
米十一现在王者荣耀120帧还没有适配。然后就只支持王者90帧。手机自带的有60帧和120帧上下切换挺难受的。,"产品建议,小米11",2022-02-04 07:43:34
建议小米小窗口可以双开两个，因为只有一个小窗口不够用,"产品建议,小米11",2022-02-02 16:28:00
我记得以前在负一屏可以看到还款信息的，现在怎么没了，信用卡一多有时候记不住，真希望这个功能快回来。还有个短信以前也有个只看银行卡现在好像也没了这些都是人性化的功能为什么要阉割了,"产品建议,小米11",2022-02-02 15:16:31
用了几年就是那几个,"产品建议,小米11",2022-02-02 12:50:35
"更新完miui13遇到的的一些问题。
1、掉电特别快，掉电快和正常使用的电量消耗还不同。
2、通知栏屏幕亮度调节，按上去背光就会变成最亮，晚上调节手机屏幕亮度的时候特别刺眼。
3、玩游戏卡顿，miui12.5没问题，miui13玩有时候阴阳师会明显的卡顿。
4、信号差
","产品建议,小米11",2022-02-02 12:18:35
米11的120Hz+2K屏着实有些费电，给加个90Hz刷新率吧，咱省点儿！,"产品建议,小米11",2022-02-02 12:15:26
"真的真的不要限制分辨率好嘛，搞的我游戏都我不下去了，散热背夹我也买了，很多游戏都被限制我在玩的就有王者 和平精英 QQ飞车 原神 ，但这些游戏体验服都没被限制 限制帧率就不说什么了七八十玩的还行，现在把分辨率限制了什么意思，2k屏带不动王者画质是有多离谱，人家realmex7pro画质都比我好，分辨率限制的游戏画面都糊了，手机都没一点发烫开游戏立马就限制，性能模式全开都完全没有一点用，一个游戏迷本来冲着2k屏和120高刷来的，现在到好高刷上不去锁70-60分辨率还限制了，这还玩个der还不如我外公的老年机了都不修复回来这手机换诺基亚都值

前三图王者荣耀正式服
后三图王者荣耀体验服
设置都一样性能模式全开的

","产品建议,小米11",2022-02-02 11:30:27
小米11的负一屏睡眠时间没有了，以前用起来很舒服，可以看到睡了多久，现在找不到了……强烈建议可以把睡眠时间小部件添加到负一屏!!!,"产品建议,小米11",2022-02-02 08:31:55
打游戏帧率变化有点大。，王者希望尽快适配米十一120帧。,"产品建议,小米11",2022-02-01 23:42:26
都这么多年了，小米还不支持原彩显示，根据当前环境光线自动调节色温，为人眼提供更舒适的显示，人家隔壁iOS和华为这功能都玩烂了，都是默认开启，是小米硬件或软件不支持吗,"产品建议,小米11",2022-02-01 21:40:56
小米11开发版内测没有名额，无法申请,"产品建议,小米11",2022-02-01 15:07:54
"MIUI13小窗视频无法全屏播放
并且游戏显示上下都有白条遮挡区域","产品建议,小米11",2022-02-01 14:37:54
wlan打不开，热点打不开，该重置的都重置了，解决不了，应该是硬件烧了，中招了！对小米很失望，以前买了小米3，体验很差，过了这么多年买了小米11，没想好还是这么差。,"产品建议,小米11",2022-02-01 13:23:37
下次系统升级或者优化，能不能把CPU温度实时监控，显示在状态栏上面，或者在设置可以把这个打开关闭，需要时可以打开，要不玩游戏发热，也只能凭感觉，也不知道有多少度。,"产品建议,小米11",2022-02-01 00:21:19
小米11配的GaN55W充电器真的拉夸，充着充着一股臭气出来然后充电器就被烧了，大过年的怎么搞，雷总能赔吗🤔🤔🤔,"产品建议,小米11",2022-01-31 22:44:53
这个下面的是什么啊？怎么取消？,"产品建议,小米11",2022-01-31 22:16:52
来电秀声音不同步，需要解决。。,"产品建议,小米11",2022-01-31 21:07:01
全局小窗建议可以改一下位置 每次看视频都点不到全屏 一下就点到小窗 呜呜呜,"产品建议,小米11",2022-01-31 15:13:49
"每次点小窗都会挡到移动键 而且退出还很麻烦 就导致很多问题 而且还很难拖动 希望加个移动键 或者加个直接点一下就能退出的键 不至于把游戏也退了 球球改进一下谢谢
然后就是音乐问题了 有时候音乐莫名其妙就掉了 就挺无语的！","产品建议,小米11",2022-01-31 15:08:29
建议小米11也搞一个恢复原版音效的开关，怕振手的可以不开，想体验原版音效的可以自己开的那种,"产品建议,小米11",2022-01-31 13:05:59
MIUI13的相机，对焦成功快速拍照换成可触屏直接拍照，一点都不好用，还没对焦就自动拍了。,"产品建议,小米11",2022-01-31 13:01:32
能不能在系统里自己带一个可以跳过系统广告的程序，每次被系统广告烦的很,"产品建议,小米11",2022-01-31 12:03:56
实际使用上我感觉小米11开启自动亮度屏幕稍微偏暗，能不能将小米11自动调节的亮度稍微提高一点？,"产品建议,小米11",2022-01-30 22:53:40
是不是没有更新12.5增强版就没有13推送,"产品建议,小米11",2022-01-30 19:33:14
能不能把微信聊天发语音的那个电音去掉优化一下，我就是更新了最新系统就有电音，不要让我觉得小米垃圾    米11,"产品建议,小米11",2022-01-30 19:31:20
为啥还没更新13,"产品建议,小米11",2022-01-30 19:18:58
超级防抖模式下聚焦严重失灵，其他模式没有问题,"产品建议,小米11",2022-01-30 14:20:53
难道就剩下我没升级MIUI13了吗,"产品建议,小米11",2022-01-30 13:04:18
希望这个贴子，雷总和小米家设计部的同学能看到！我现在用的是一部小米6和米11，一次偶然的时候我打电话呢（比较急的事）突然手机就重启了！当时我还以为手机坏了呢！后来才知道！原来是我误触了，有很多时候手指碰到电源键误触了！手机就会重启！而且无论手机在哪种状态！关机也好！锁屏也好！只要触碰到了电源键，就会自动重启！而且只要长按，不撒手！手机就会一直在重启状态……无限循环……！一开始我以为是我的米6太老了，才会出现这种情况！后来我用米11和红米k30一试，也是会出现同样的状况！我真的不想它重启好吧！这个算不算系统的第一大BUG！真的无语了我！只要一误触，尤其是打电话的时候！真的很耽误事的好吧！再次恳请小米家的同学们！把这个漏洞改掉吧,"产品建议,小米11",2022-01-30 00:52:46
更新……更新……,"产品建议,小米11",2022-01-29 22:38:53
MIUI 13咋关掉这个啊？看着不舒服,"产品建议,小米11",2022-01-29 20:43:22
类似Mix4的调度策略，有助于省电的同时避免ltps屏漏电问题,"产品建议,小米11",2022-01-29 17:34:29
希望相机可以出个自由调节视频饱和度亮度等参数的模式。,"产品建议,小米11",2022-01-29 01:42:48
"@全体成员
MIUI13控制中心音乐播放栏好丑，怎么关闭？

","产品建议,小米11",2022-01-29 00:36:21
小米11王者荣耀不能120帧，iqooneo5两千多块的手机王者稳定120帧，不行换iqoo了,"产品建议,小米11",2022-01-28 23:21:27
小米11在2k➕120hz情况下耗电很严重，即使不开5g网络也一样，但是买了小米11，大部分人不都是为了2k屏幕吗不开2k是不现实的，可刷新率120hz就没有那么必要而开60hz有感觉明显卡顿不适应，并且小米11现在耗电挺严重的，希望官方可以加入一个90hz选项，ota给用户这样既能保证流畅度，并且还能增强一些续航能力。,"产品建议,小米11",2022-01-28 23:11:49
当手机放兜里的时候 或者在包里 还有屏幕朝下放在桌子上面时  自动关闭息屏显示 就像接听电话手机靠近耳朵就息屏一样  通过感应器自动关闭或者打开息屏显示   这样一来可以省电  还有可以减少烧屏现象,"产品建议,小米11",2022-01-28 22:30:14
屏幕给加个90Hz刷新率吧，多个选择总是好的,"产品建议,小米11",2022-01-28 20:59:49
回老家一直没有5G网，本来我以为老家是5G没有普及，知道我姐姐回来，我发现她苹果12网特别好，我就很奇怪，结果她有5G。然后我就去查了一下，确定移动5G在我这个地方是覆盖的，但我的移动卡任不能用5G，只是偶尔开飞行模式在打开能搜到5G网，但是不能用，一会就跳到4G了，在一个苹果都能稳定5G的地方，我的小米11却还是个辣鸡，这是个什么废物手机，网都快卡死了,"产品建议,小米11",2022-01-28 20:52:10
玩游戏时应该加强游戏模式，更新13后玩王者荣耀稍微滑动就会呼出状态栏，非常影响玩家体验，建议增加类似锁定模式，开启后进入游戏后就不能出现其他任何事物，望采纳！,"产品建议,小米11",2022-01-28 16:34:25
我这个文件夹里只有两个应用，你是不是应该自适应把里面这两个图标，给放大一些，而不是固定的文件夹九分之一大小，你们认为呢？,"产品建议,小米11",2022-01-28 16:23:49
这miui13啥情况，负优化了你，耗电快就不说了，这王者锁30侦怎么打,"产品建议,小米11",2022-01-28 15:38:53
小米11更新电池健康度,"产品建议,小米11",2022-01-28 09:21:29
锁屏声音还行，但是解锁声音听起来太拉了。能改的好听就好。,"产品建议,小米11",2022-01-28 08:14:41
"小米稳定版相机设置里面一直没有可以调节饱和度对比度清晰度这3项功能，拍出来的照片跟实际很不一样，以前米6开发板有，调节一下饱和度这些拍出来更接近实物，照片也不需要后期处理很好看，希望小米MIUI 13稳定版尽快添加进去，还希望开发部门能够采纳我这个忠实米粉的意见。谢谢！<a href=""https://web.vip.miui.com/page/info/mio/mio/homePage?uid=63E5F494F8BAEA78ACD56F7F39A28E01&encryptUserId=63E5F494F8BAEA78ACD56F7F39A28E01"" target=""_blank"">@小米社区 </a>","产品建议,小米11",2022-01-28 08:10:59
能不能像10s一样把出厂音效设一个开关，小米11现在声音没有以前大了，音效也不如以前了,"产品建议,小米11",2022-01-28 05:29:04
为什么更新13之后没有全局深色模式了，有的APP一打开晃瞎我的眼,"产品建议,小米11",2022-01-28 00:35:48
小米发热严重就算了，抗热可以提高一下吗？ 自己把自己烧坏了？ 无线直接打不开了？,"产品建议,小米11",2022-01-28 00:00:39
"操作步骤
小窗打开酷安闪全屏广告
预期结果
小窗打开酷安不闪广告
实际结果
小窗打开酷安闪全屏广告
补充说明
小窗打开酷安闪全屏广告","问题反馈,自由小窗,小米11",2022-01-27 20:59:45
这播放器怎么关掉？,"产品建议,小米11",2022-01-27 18:55:06
钱包app没必要也弄个天星金融这样只会让用户更反感，而且图标真的太丑了，跟其他系统图标不搭，小字部分应该去掉，最后多少用户反馈多少次了一点改进没有。,"产品建议,小米11",2022-01-27 18:15:11
小米11因为WiFi问题，售后已经成功申请换新机了，但是为什么不能直接从店里拿一部呢？然后官方自己再寄一台到店里补货呢？？？这样真的会等很久唉😔😔,"产品建议,小米11",2022-01-27 17:05:40
云游戏的软件适配一下，长按就变成复制，或者传送门了。,"产品建议,小米11",2022-01-27 12:50:05
下面的搜索栏怎么取消,"产品建议,小米11",2022-01-27 02:48:25
小米11更新MIUI13后，打游戏时状态栏动不动就下来了,"产品建议,小米11",2022-01-27 01:08:43
"无卡上网
一元流量功能怎么一直在服务内测中，啥时候可以用呢？小米11用户很急需","产品建议,小米11",2022-01-26 22:45:17
红圈里面的这个怎么关掉,"产品建议,小米11",2022-01-26 20:48:24
刷系统后，打开软件或者正常桌面会出现系统奔溃卡着不动。,"产品建议,小米11",2022-01-26 19:23:22
小米11怎么换电池啊，去了很多小米之家都没有电池,"产品建议,小米11",2022-01-26 17:52:48
在游戏里创建连接，在分享链接的时候必须发出去才可以复制，再到游戏里分享，为什么不能直接复制链接，我看别的手机都可以，我出现在这里是因为还对小米抱有一点希望,"产品建议,小米11",2022-01-26 13:58:52
系统音量键切歌考虑一下呗。,"产品建议,小米11",2022-01-26 11:31:13
录像功能卡顿，自从12.5之后就这样，最近更新了13也还是这样子，我觉得小米不应该是这样子！,"产品建议,小米11",2022-01-26 11:11:38
"MIUI对比以前显得太过臃肿了，应取其精华去其糟粕,发扬自己的特点优点，而不是去把其他系统的好的一起加入MIUI，这样会把MIUI“吃得太胖”，“跑不动”！
  一个好的产品不仅需要好的技术支持还需要发现自己的特点，去发扬它。还有则需要软硬配合。
                            感谢MIUI团队，感谢小米！
","产品建议,小米11",2022-01-26 01:34:07
小米11手机为什么没有无字模式。还没有小米妙享,"产品建议,小米11",2022-01-25 20:57:33
希望小米11的护眼模式亮度可以手动调节，毕竟每个人的眼睛适应能力不同,"产品建议,小米11",2022-01-25 20:13:13
小米11  12.5.16系统的顶起来 要求小米就推送机制给予正面回复  为什么不给16版本系统推送13    15版本已经大面积推送了,"产品建议,小米11",2022-01-25 19:41:29
相机这几天打开拍照会出现冷色调和暖色调不平衡，会有点偏冷色调。,"产品建议,小米11",2022-01-25 19:35:37
"新买了个红米airdots3pro耳机，发现延迟较高，了解到低延迟模式需要连接lc3协议，而小米11不支持。骁龙888的硬件的支持lc3协议的（和8gen1是同一块蓝牙芯片），目前延迟表现最好的lc3协议，竟然只有一款红米note10pro支持，旗舰机都没有，太不合理了！希望能在后续系统更新中支持！
PS：不知道小米12支持吗？","产品建议,小米11",2022-01-25 18:25:16
目前刷新率无法升级为自动刷新率，能不能在下拉里面添加一个快捷方式切换，游戏加速里面也行,"产品建议,小米11",2022-01-25 18:22:07
更新完miui13各种模糊效果没了，弹窗的模糊，锁屏消息的模糊，通知的模糊,"产品建议,小米11",2022-01-25 18:16:29
"这个怎么去掉
","产品建议,小米11",2022-01-25 15:58:45
建议开放NFC空白卡0扇区的写入权限，现在小米11还不如2块钱的ic卡有用，即然空白卡就应权限给用户，安全上做好申明就对了！！！,"产品建议,小米11",2022-01-25 15:45:21
"这个状态栏快捷播放怎么关闭呀
","产品建议,小米11",2022-01-25 14:25:40
我啥时候才能用上13(   ˊ ᵕ ˋ 💦),"产品建议,小米11",2022-01-25 12:16:56
优化一下小米11的相机吧，不太稳定。,"产品建议,小米11",2022-01-25 11:34:33
还不推送吗,"产品建议,小米11",2022-01-25 11:09:38
什么时候更新13,"产品建议,小米11",2022-01-25 09:24:14
"开发版公测不是周五更新吗？为啥现在还没更新？
","产品建议,小米11",2022-01-25 06:53:54
12.5.16版本怎么还没有收到13的更新啊，是真的不配拥有吗,"产品建议,小米11",2022-01-25 03:54:28
今天刚更完MIUI 13，发现多了这东西，怎么去掉啊？看着好难受😣,"产品建议,小米11",2022-01-25 03:00:43
为啥还不推送😥,"产品建议,小米11",2022-01-25 02:39:23
啥时候更新啊 等不及了,"产品建议,小米11",2022-01-25 00:59:23
有没有大神知道这个怎么去掉的,"产品建议,小米11",2022-01-25 00:08:36
"操作步骤
其他界面的字体显示正常
浏览器的字体显示为默认的字体，不和设置同步
预期结果
想知道是我设置的问题还是浏览器本身的问题
实际结果
浏览器搜索显示出来的字体同手机设置不一致","产品建议,小米11",2022-01-24 23:46:18
小米手机品控就这样？买回来两个月摄像头一晃就响配置达到最高一点不在乎用户体验的吗？真的太失望了,"产品建议,小米11",2022-01-24 23:25:20
状态栏中的亮度调节能不能自己设置组件的高度，现在的亮度调节条太粗了，是否可以设置能细的，太粗占用空间,"产品建议,小米11",2022-01-24 20:58:14
以后真的再也不会碰小米了，赚钱的时候麻溜的，售后出问题了开始踢皮球，总之除了这不管就是那不管，授权店都管不到为什么要给他授权，买那里的东西还得看人授权店脸色，一句我们也没有办法就完事了，还得自己去打12315，小米11这故障的问题也不是小事了，以前闹得不可开交的时候有人管，现在一部分人的时候就不管了，这次彻底粉转黑了，小米已经不是从前那个小米了,"产品建议,小米11",2022-01-24 17:35:16
小米健康的睡眠不是太准,"产品建议,小米11",2022-01-24 15:16:26
miui13号称万物互连 可是最基本的和汽车连接都不行！看隔壁蓝厂的jovi in car  用起来真香！我都开始羡慕了！  咱小米啥时候也可以啊  不用羡慕华为  苹果  vivio,"产品建议,小米11",2022-01-24 12:46:17
"1.节奏太慢了，
2.这个电量消耗得特别快，基本是带充电器出门的
3.偶尔游戏还卡顿，最近还出现降帧的情况了","产品建议,小米11",2022-01-24 12:40:17
"2021年3月份买了一台黑色的小米11  8+256，到了9月份左右因为小米11手机的问题，正常使用导致无线模块烧毁后，换机售后营业部说没有黑色，只有蓝色，换新蓝色就蓝色吧，我也没说什么，换机后，手机第二天就出现了，无法关机，一按关机键就有一串英文，然后给全国售后服务打电话咨询，问过后说系统有问题，让我去图一的地方下载一个新的安装包，然后就可以正常关机使用了，换到这个蓝色的8+256小米11这都过去几天的13的系统一直都没推送？我就纳闷了，请相关的人员给我一个合理的解释。<a href=""https://web.vip.miui.com/page/info/mio/mio/homePage?uid=8260E33223E4B0E63EB5C97E0BD8B8B4&encryptUserId=8260E33223E4B0E63EB5C97E0BD8B8B4"" target=""_blank"">@小米服务支持 </a>","产品建议,小米11",2022-01-24 11:55:59
别的888手机都有120赫兹了。甚至870都有了，小米11什么时候才能有？太拉垮了吧。,"产品建议,小米11",2022-01-24 11:08:44
过年了，打吃鸡，总是没有别人的手机响，听脚步听不见，听音乐来电音乐也很小，有点怀疑人生，真心希望把音质音量调大，或者给个补充包也行啊，肯定有很多米友也是这样，很多人支持,"产品建议,小米11",2022-01-24 10:53:31
可能对某些软件 老是容易卡屏。比如腾讯视频，有时看电视。突然一闪一闪。,"产品建议,小米11",2022-01-24 09:58:39
"有二个问题：
一，我想问问，为什么我锁屏下拉状态栏和控制中心只能从右边下划才能拉出来，而从手机中心到左边再划都拉不下来？我这种左手玩手机的很难啊！

二，这个全局侧边栏能不能调上下高度，单手握手机大拇指够不到啊！挺好一个功能，想用就是难划到，难受。","产品建议,小米11",2022-01-24 09:26:50
为什么打开我的收藏，然后负一屏不能显示呢,"产品建议,小米11",2022-01-24 01:02:51
"目前更新完miui13后，体验明显增强，尤其是小组件功能很新颖很亮眼，但通过体验后感觉有一点不足。主要是对比更新前，miui12时负一屏可以做到整合各大平台出行购票信息，方便机主查看使用，非常方便，在更新完之后，这个功能被削减了，只能看到“去哪儿了”的购票出行信息，非常不方便，建议重新优化上屏，方便用户的使用体验，谢谢

","产品建议,小米11",2022-01-23 19:09:25
建议小米11增加双击屏幕空白处息屏,"产品建议,小米11",2022-01-23 19:06:46
什么时候推送😳😳😳😳,"产品建议,小米11",2022-01-23 16:54:53
什么时候更新啊🌚🌚🌚🌚🌚,"产品建议,小米11",2022-01-23 12:22:46
负一屏推荐卡片能不能关掉？更新系统就来个这玩意儿，强行推广就没意思了，系统里面到处都是广告,"产品建议,小米11",2022-01-23 11:07:32
下滑控制中心卡顿,"产品建议,小米11",2022-01-23 09:45:17
增加手机OTG直接投屏功能，繁琐的app投屏远远不如物理连接稳定、快捷。华为近年发布的手机这个功能就做的很好。,"产品建议,小米11",2022-01-23 08:58:38
带耳机说话声音调节功能，玩游戏很有用，之前用华为有这个功能真的有用，现在用小米没有这个有点不习惯说话的声音太大了。,"产品建议,小米11",2022-01-23 07:47:17
"控制好后台。
控制好温度。
","产品建议,小米11",2022-01-23 07:05:16
米11建议增加一个90hz选项，首先米11发热问题是严重的倒不如来个90hz,"产品建议,小米11",2022-01-22 19:20:21
建议调回12.0.12版本,"产品建议,小米11",2022-01-22 17:02:04
如标题，目前只有小米12的应用商店有64位应用的下载专区。我强烈要求小米全系列的应用商店都划分出64位应用的下载专区。目前好多应用卸载重装，莫名其妙从之前的64位变成了32位的,"产品建议,小米11",2022-01-22 15:59:53
"既然小米11扬声器两个不对称，那就用系统把底部扬声器声音默认调小呗，变成和顶部一样大
别再忽视了，看看米粉对于小米负优化的评价吧，都说要变果粉了，还这么对标苹果啊？总不能给别人送粉丝吧？","产品建议,小米11",2022-01-22 12:23:43
还有11没更新13的吗,"产品建议,小米11",2022-01-22 07:59:05
小米11为啥还没收到13系统的推送，麻烦推送一下，谢谢。,"产品建议,小米11",2022-01-22 07:42:16
mi11是被遗忘了吗，MIUI13还没上😭,"产品建议,小米11",2022-01-21 23:22:27
"希望字体可以免费  每个看好的都要花💰😩😩<a href=""https://web.vip.miui.com/page/info/mio/mio/homePage?uid=6DF33DDF9F431C6051B7580900259A06&encryptUserId=6DF33DDF9F431C6051B7580900259A06"" target=""_blank"">@小米主题 </a>","产品建议,小米11",2022-01-21 22:04:01
手机连上耳机之后，跟人微信视频通话的时候，播放其他的视频是没有声音的，我不知道是为什么？,"产品建议,小米11",2022-01-21 21:29:20
小米系统：增加蓝牙快速切换功能,"产品建议,小米11",2022-01-21 21:21:30
目前更新完miui13后，体验明显增强，尤其是小组件功能很新颖很亮眼，但通过体验后感觉有一点不足。主要是对比更新前，miui12时负一屏可以做到整合各大平台出行购票信息，方便机主查看使用，非常方便，在更新完之后，这个功能被削减了，只能看到“去哪儿了”的购票出行信息，非常不方便，建议重新优化上屏，方便用户的使用体验，谢谢,"产品建议,小米11",2022-01-21 14:34:08
咱们可以吧性能模式下的性能调的激进一点吗，现在感觉开了和不开没有什么不一样的,"产品建议,小米11",2022-01-21 13:05:56
"1、手机充电特效有问题，充电时手机充电特效不动，如下图（两张图截图间隔为半分钟）
2、通知栏bug，通知栏变得透明并且与手机桌面出现重影，体验感极差；
3、自动调节亮度问题，要么就自动给你调得特别亮或者就是特别暗，并且亮度调节一卡一卡的，没有以前的那种自然
<a href=""https://web.vip.miui.com/page/info/mio/mio/homePage?uid=AE3733952CFEBA85965B9876116AEFEF&encryptUserId=AE3733952CFEBA85965B9876116AEFEF"" target=""_blank"">@MIUI公告君 </a>","产品建议,小米11",2022-01-21 00:55:07
什么时候推送更新啊,"产品建议,小米11",2022-01-21 00:38:26
建议在图片编辑里面加一个试卷去手写体吧，很实用啊。,"产品建议,小米11",2022-01-20 15:36:32
建议增加，酒店检测酒店针孔摄像头功能,"产品建议,小米11",2022-01-20 13:42:11
建议简约时钟只要2x2格子就能摆下就好了,"产品建议,小米11",2022-01-20 12:22:06
桌面整的花里胡哨一点用都没有，把闪退卡死和功耗发热的问题解决才对，别整天整那些虚的哗众取宠,"产品建议,小米11",2022-01-20 11:06:44
能不能开发一下小米手机微曲面屏的手机膜，本平台的手机膜一直缺货状态，外平台膜不好用还贵，建议重视一下，现在旗舰机都是曲面屏一定要重视客户体验与客户需求，现在的人都更在意的是品质跟细节，建议完善这一领域。,"产品建议,小米11",2022-01-20 09:30:36
13什么时候推送？,"产品建议,小米11",2022-01-20 08:50:48
"小米11什么时候能给火影忍者这个游戏上个90帧 我都等了好久 每次游戏更新我都看不到米11能适配个90帧<a href=""https://web.vip.miui.com/page/info/mio/mio/homePage?uid=8BEFDECDBD943EDE0C11BB6D82D49381&encryptUserId=8BEFDECDBD943EDE0C11BB6D82D49381"" target=""_blank"">@小米陈奕迅讯 </a>","产品建议,小米11",2022-01-20 08:19:06
"竖屏状态下小窗模式好像没法输入文字表情，比如我输入""晚安""跳出来的表情没有办法点击发送，有点问题。","产品建议,小米11",2022-01-20 07:09:24
小米10smiui13加的这个 强烈建议官方把这个也加进去 之前骂声一片 现在做这个还能弥补一下 虽然说用户体验很重要 但是也要有把这个称拿捏好 而不是一味的加一些没实际的东西 一味的听之任之 一些本不应该削的东西 小米 加油吧  ,"产品建议,小米11",2022-01-20 03:44:04
震动反馈不明显,"产品建议,小米11",2022-01-19 20:40:11
什么时候推送给我。。。。,"产品建议,小米11",2022-01-19 18:28:43
小米11的马达越更新越弱，手机来电话放裤兜里感觉不到震动，,"产品建议,小米11",2022-01-19 18:25:23
"1、单手模式下，指头无法够到最上方的通知栏，更别谈下来了。
2、有人会说可以开启单手模式，但是全面屏操作下单手模式无法开启。
3、强烈建议在悬浮球没增加一个""下拉通知栏""按钮，可以自定义编辑到悬浮球里。
4、并且强烈建议悬浮球的操作数量要可自定义，不要固定就是5个选项。
5、希望看到的产品经理自己深度操作体验，实在想不出好的设计，可以看看魅族的悬浮球是怎么做的。","产品建议,小米11",2022-01-19 18:03:25
"如图，现在小米10s已经添加了音效选择选项，小米11的该功能却迟迟没有跟进。
希望官方能够解决该问题，也就不用我们这些发烧友去用旁门左道解决这个问题了。","产品建议,小米11",2022-01-19 18:03:06
小米11更新到13.0.5微信后台接收不到信息,"产品建议,小米11",2022-01-19 17:00:52
连接蓝牙耳机后，打开游戏，进入后，在移除游戏打电话或者微信语音时，声音从扬声器播放，只能关闭蓝牙连接，重新连接耳机才能同时播放电话声音和游戏声音。,"产品建议,小米11",2022-01-19 16:26:27
经常需要一键修复才能好使,"产品建议,小米11",2022-01-19 16:22:42
在安卓端，手机的色彩管理重视的比iPhone要晚，但是就我们而言屏幕与我们的接触时间是最长的，因此正确的色彩很重要，现在手机的原色模式已经有了相对不错的色彩管理，已经有了不错的色彩识别率。但是又有个别情况，比如微信里的照片色彩识别不准无法分清楚是不是p3。所以我感觉还有更加严谨的进步空间。,"产品建议,小米11",2022-01-19 15:57:37
为什么我的没有55wmax 小米11开发版，为什么呀小米11 55,"产品建议,小米11",2022-01-19 15:56:16
MIUI动画我感觉可以更细腻一点，比如最新的MIUI13有些地方高斯模糊不需要砍，而且可以增加一下类似于iOS的应用返回后的回弹效果。,"产品建议,小米11",2022-01-19 15:51:49
希望能优化游戏掉帧，特别是王者荣耀，开团90贞直接卡到40多或者50多，严重影响游戏体验。,"产品建议,小米11",2022-01-19 15:09:29
在电池健康一栏加一个电池健康程度，方便换不换电池,"产品建议,小米11,MIUI系统",2022-01-19 14:04:09
建议小米11手机增加皮套模式！,"产品建议,小米11",2022-01-19 10:17:40
别再牺牲性能降低温度了,"产品建议,小米11",2022-01-19 09:31:35
手机充电提示音和充电特效太单一，用别的软件太麻烦和，希望能增加一些特效和提示音供米粉们选择。,"产品建议,小米11",2022-01-19 01:19:36
小米手机11，设置小爱同学快捷方式指关节双击，指关节双击时小爱同学大概率弹不出来，有待改善,"产品建议,小米11",2022-01-18 21:00:43
这个播放器怎么关，没开音乐，后台是空的，他老出来，还有第二张图里面的播放器能不能去掉，看着真别扭,"产品建议,小米11",2022-01-18 19:14:23
"建议将小米11ultra手机背部朝上 显示内容 和 双击亮屏 的这两种操作区分开。
    把手机放裤兜里蹲下去拿东西或者骑单车的时候背屏就自动亮，尤其是骑单车的时候一抬腿就亮，想关闭了背面朝上显示内容就无法单独使用双击亮屏查看时间，可不可以两种功能单独开操作呢？","产品建议,小米11",2022-01-18 18:33:28
小米11去年刚买来的时候在室外白天，最高亮度观感对比之前的mix2效果显著，但是后面自用了几个月升级了MIUI之后，明显感觉在白天室外不在阳光下屏幕也比较暗，对比刚入手时最高亮度低了不少,"产品建议,小米11",2022-01-18 18:24:22
麦克风问题，带耳机大游戏不能单独调整语音大小，只能整体调整，游戏为和平精英,"产品建议,小米11",2022-01-18 17:36:04
现在人们越来越重视电池健康，希望能够实时看到电池效率，以便即使换电池。,"产品建议,小米11",2022-01-18 17:03:02
小米手机微信聊天小窗口模式可以进行一个进阶升级，比如把小窗口模式变成聊天气泡模式悬浮于当前应用之上，回复直接点击回复 双击进入查看，左右滑动取消。 希望官方能够采用。,"产品建议,小米11",2022-01-18 12:26:43
感觉手机莫名其妙的使用了那么多内存，啥时候能让用户清清楚楚的清理内存啊,"产品建议,小米11",2022-01-18 11:37:49
小米11金十数据经常闪退,"产品建议,小米11",2022-01-18 10:10:21
晚上充满的电到早上就剩百分之八十一晚上啥也没开就掉了百分之二十是怎么回事,"产品建议,小米11",2022-01-18 08:31:41
桌面图标为什么删掉4×5的了，搞到我的图标排列全部都乱了,"产品建议,小米11",2022-01-18 08:07:57
"对于新机来说大可购买14天内不可解bl
我要解bl都是有急事自救
168小时你要耗死我","产品建议,小米11",2022-01-18 01:01:34
"1.手机型号：小米11
2.问题：小米11存在显示电信5g，却不能上网的问题
3.测试：已经让运营商当面测试，排除了手机卡和5g套餐的问题，小米售后也测试说手机除了不能5g上网，其他没问题！
4.建议：希望咱小米工程师加班加点解决问题，让我年前可以正常使用5g网络，辛苦啦！
🇨🇳🇨🇳提前祝您新春愉快，虎年大吉！<a href=""https://web.vip.miui.com/page/info/mio/mio/homePage?uid=3611A422ED2068B4317E202E8E1BA29D&encryptUserId=3611A422ED2068B4317E202E8E1BA29D"" target=""_blank"">@小米CEO一雷军 </a>","产品建议,小米11",2022-01-18 00:43:04
在夜间遇到瞬间美，想拍照。按下快门之后为何要等3秒才可以拍下照片？这个功能很鸡肋，别的品牌手机拍照反应很快！怎么到小米这块就不行了呢？,"产品建议,小米11",2022-01-17 21:45:53
"我希望在游戏空间里添加一个可以显示游戏帧数的功能，这样在玩游戏的时候可以时刻观察自己手机帧率<a href=""https://web.vip.miui.com/page/info/mio/mio/homePage?uid=19DEBCDEB908890EA603001AFC960211&encryptUserId=19DEBCDEB908890EA603001AFC960211"" target=""_blank"">@小米服务那些事 </a>","产品建议,小米11",2022-01-17 21:38:39
小米11的相机拍照稍微远一点的东西，稍微放大一点图像就会变模糊，是否可以优化拍照算法，解决此问题。,"产品建议,小米11",2022-01-17 21:25:00
小米11手机链接蓝牙时微信消息提示音依旧外放,"产品建议,小米11",2022-01-17 18:27:50
"我印象中我打开过很多次哈曼卡顿音效，但是都会自动关闭很郁闷。不知是因为重启，还是升级系统，还是连接蓝牙后自动关闭。
可不可以设置，开启不要莫名自动关闭！","产品建议,小米11",2022-01-17 11:32:30
小米的产品真的垃圾，用得糟心，之前微信信息不通知，拍照也不好用，中心清晰，边缘模糊。第一次用小米也是最后一次。,"产品建议,小米11",2022-01-17 10:51:07
"升级了稳定版miui13.04后，怎么没有了自动打开wlan的功能了？很好用的功能，现在没了，好不习惯，希望开发组能再加回来！
","产品建议,小米11",2022-01-17 09:00:34
"建议 出一个和Flyme一样的查找手机功能
建议 出一个和Flyme一样的查找手机功能
建议 出一个和Flyme一样的查找手机功能
小米的查找手机太鸡肋了","产品建议,小米11",2022-01-17 02:39:30
桌面应用无字模式的时候，仅桌面图标无字，抽屉内的图标还是希望有标题的，毕竟只是列表而已,"产品建议,小米11",2022-01-17 02:07:40
"小米11，七月份买的，到现在突然发现，相机拍照模糊不清，拍的照片简直辣眼睛。。。。
","产品建议,小米11",2022-01-17 01:58:02
召回小米11吧，以后再也不买小米,"产品建议,小米11",2022-01-17 01:02:23
MIUI 13可以加一个组件，就像12.5那个，在负一屏就能看到睡眠时间，鼾声监测等数据,"产品建议,小米11",2022-01-16 23:13:36
充电速度没以前快了,"产品建议,小米11",2022-01-16 21:30:32
建议增加性能模式。解锁王者90帧,"产品建议,小米11",2022-01-16 16:18:02
完成雷总在11发布会上的承诺，把坑给填了,"产品建议,小米11",2022-01-16 14:09:09
我觉得这手机可以优化处理器，优化算法，888的性能没有完全发挥出来。相机像素没以前拍的清楚了。,"产品建议,小米11",2022-01-16 13:57:36
打断动画升级到13后明显变得不流畅  很难受,"产品建议,小米11",2022-01-16 13:46:08
小米11打电话的时候，断网，用卡2打电话，卡1上网，上不了，不知道你们有没有发现这情况,"产品建议,小米11",2022-01-16 12:42:56
本人喜欢有返回键，应该也有不少人用，但有时点返回像双击一样，返回两次，能不能间隔有一点点延迟，就不会有误操作了，谢谢！,"产品建议,小米11",2022-01-16 10:18:41
优化相机成像速度，是真心慢。,"产品建议,小米11",2022-01-16 09:02:27
自从小米11更新了MIUI12.5音质大幅度降低，可以弄个开关加强音质,"产品建议,小米11",2022-01-16 07:33:47
打王者老是滑动一技能误触到小白条,"产品建议,小米11",2022-01-15 23:47:28
手机声音有点低,"产品建议,小米11",2022-01-15 21:29:29
"总感觉有时候QQ消息不提醒，不知道是系统问题还是QQ软件问题
有时候看电视，打游戏的时候，全程没有消息，但是打开QQ就发现有好几天消息，希望可以看下是不是bug，然后修复一下。
现在是   小米11   MIUI12.5","产品建议,小米11",2022-01-15 21:08:19
横屏开小窗口看视频的时候卡的很一点也不流畅！,"产品建议,小米11",2022-01-15 19:12:49
米11 用小米65w氮化镓、平板5pro配的67w充电器 都很慢，充一个晚上充不满！,"产品建议,小米11",2022-01-15 16:35:52
真心寒！！！！！,"产品建议,小米11",2022-01-15 16:28:18
双卡双待手机在打电话时会断网，而且开免提能听到杂音和自己回音，影响双方通话效果，求改进,"产品建议,小米11",2022-01-15 10:41:39
开小风扇，手机温度四十度都上不去还锁帧，谁顶得住啊,"产品建议,小米11",2022-01-15 10:18:05
更新了新版手机管家后充到80以上就充不进去电了，把手机管家卸载更新后正常充电，耗电也好了,"产品建议,小米11",2022-01-15 10:11:26
小爱有的时候回答的问题真是答非所问,"产品建议,小米11",2022-01-15 09:55:21
背部轻敲快捷手势功能，在开车时放在手机支架上，因车运行时的振动经常会发生误感应，希望能增加防误触功能，在特定场景或者应用打开时不会进行识别,"产品建议,小米11",2022-01-15 09:14:47
我是最后一个人吗,"产品建议,小米11",2022-01-15 08:19:18
"miui12.5系统自公布后许多小米手机纷纷升级体验，对于新机小米11更是要使用最新系统，所以小米11升级miui12.5后体验怎么样？相信不少用户都很想知道吧，下面就来本文看看详细体验内容介绍吧！

1、更流畅的动效，并照顾了老机型

发布会上小米直接把 MIUI 与 iOS 作比较，得益于快速迭代和硬件上更自由的发挥空间，一些功能甚至做到了超越。先从比较基本的开始，人从手机上得到的反馈主要是三种：视觉、听觉、触觉。符合自然直觉的动效会给人更流畅的感觉，MIUI 12 便用光锥架构来处理整个系统动画的运算。

在 MIUI 12.5 中，它的渲染能力更是提升了 20 倍，这带来的好处是可以在更细节的地方大胆做效果，比如呼出通知、负一屏时的壁纸模糊。虽然毛玻璃特效并不是什么新鲜玩意儿，但是在一块 120Hz 屏幕上，每次滑到负一屏都能有丝滑流畅的体验，系统级的运算能力就很重要了。

更明显的效果是在手势操作上，MIUI 12.5 采用多级渲染的方式，将手势动画与其它渲染分开，在资源紧张的情况下，能优先保证手势动画的流畅。再配合 120Hz 的高刷屏，用户会感受到更「丝滑」。

可视化操作中的动画也很重要，开机时的引导、换机时的传输进度，以及应用下载时的水波动画，这些看起来都是「没什么大用」的功能，但就是能让你动态地感受到时间的流逝，对正在进行、下一步要进行的操作理解更直观。

更细致的动效需要硬件支持，你所看到的很多宣传片里的效果，通常是旗舰机上才会存在。很多关注 MIUI 发展的人应该知道，它对旧机型的支持一向十分良心，你说这是从粉丝论坛继承下的基因也好，是为生态、为宣传所必须为之也好，它一直愿意为了旧机型去做复杂的适配优化工作。

动效这里也不例外，MIUI 12.5 采用了类似游戏的做法，对不同机型采用分级策略，以保证效果和流畅的平衡。MIUI 官网有专门页面展示各项体验的最优推荐机型，在之前媒体沟通会上 MIUI 的人笑称这是对硬件部门的「鞭策」，对用户来说也算一个购机参考。

2、新增自然音效

听觉、触觉不如视觉来得直接，因为使用环境等问题，很多人甚至把这两项是关掉的。不过随着硬件提升，以及对用户体验的深挖，听觉触觉又被重新重视起来了。听觉方面，MIUI 12.5 主要是加入了自然音效，让动物、环境的声音成为手机通知音，这符合个性化的趋势，也是手机在成为人最重要的智能工具后，对人文、精神层面的进一步探索。

另一个是 MIUI 12.5 对全部的系统音进行了立体声适配，符合硬件上双扬声器的趋势。当然这个感知也是需要对比才能听出，作为普通用户来讲只需要享受就是了。

3、触觉反馈大提升

我换机那一刻感知上最明显的，反而是听不到也看不到的「触觉」。小米 11 采用了顶级的 X 轴线性马达，MIUI 12.5 让它的能力发挥到了极致。音量调节、图标移位时、页面返回时，好的触觉反馈就是让你「没有感知」，它本就应该这样。做到整体触觉的提升不光要在系统级操作上做优化，还要搭好框架让第三方应用去适配，而要推动这一点就必须是厂商、用户、开发者都建立起对触觉作用的重视。这一点苹果是个好榜样，希望后面在安卓阵营看到同样的场景。

另一个值得说的是，MIUI 12.5 还用触觉帮助无障碍用户进行感知。我之前在别的手机系统体验里也表达过类似的观点，以当前智能手机在日常生活中的重要性，作为平台方是有责任承担起社会责任的。所以你可以看到，最近两年手机系统在增加新功能的同时，也会去关注中老年、无障碍用户的使用体验，这条路远没到达终点，可以做的还有很多。

4、便签变笔记、小米多屏协同来了

新功能方面，便签应用升级成了笔记，顺应手机办公的需求。我最喜欢的是「摘录」功能，从左侧划出后，复制的链接、文字、图片会自动保存在一条笔记中，省去手动整理。之前 MIUI 负一屏的全局收藏功能我就十分喜欢，这个「摘录」又是补足了主动收藏的功能。可以说手机作为信息搜集器，正在变得越来越强大。

这正好说到 MIUI 12.5 另一个新功能，MIUI+。用户在电脑端下载软件后，手机可以投到电脑上，通知共享、剪贴板共享，可用键鼠操作，文件管理、最近截图也能第一时间在电脑上查看。小米虽然不是第一个提出多屏协同的厂商，但第一次测试版已经做得相对完善，很期待 MIUI 将自己在移动端的积累拓展到电脑上。

5、重视隐私，推动生态健康发展

关于隐私我放在了最后说，因为它既不是新功能，也不是优化，但对整个生态意义重大。之前 MIUI 12 的照明弹就掀起一波讨论，根据最新消息，「应用行为记录」功能将成为手机入网标准。

MIUI 12.5 对剪贴板、定位等隐私获取进行了更详细的管制，但我之前对这种所谓「把选择权交给用户」的做法，是持怀疑态度的，因为不少系统更像是把锅甩给了","产品建议,小米11",2022-01-15 04:48:09
MIUI13更新后背部轻敲开关手电筒功能被砍了，希望加回来,"产品建议,小米11",2022-01-15 04:29:28
求助，打和平精英一把掉帧到四五十帧，打完后安兔兔跑分才40多万，我买到假的了？,"产品建议,小米11",2022-01-15 03:30:48
建议振动逻辑改成录入指纹时候那种方式，解锁成功对应录入成功，解锁失败对应录入失败。现在解锁振动感觉拖沓，软瑞无力，不能很好的发挥振动马达优势，望采纳。,"产品建议,小米11",2022-01-14 23:12:46
APP卸载后，图标为什么没有立马在桌面消失，要隔几天后才会没有，不是所有用户都喜欢,"产品建议,小米11",2022-01-14 23:09:01
开机logo能不能调暗一点？之前的手机WIFI烧了，换新了，之前那台用了十个月，开机logo都没有烧，自从你们用了这个200万的logo后，才两个月就烧屏了，每次开机那里都会有那个印记，你们200万这个logo那么大一块纯白色的地方，跟毒瘤一样,"产品建议,小米11",2022-01-14 22:31:52
小米11，MIUI 13相机打开后画面出现得很慢,"产品建议,小米11",2022-01-14 21:46:34
可不可以 指纹样式就整个普普通通发一下光啥的就行 别整内种炫彩特效？花里胡哨的 就 ... 有点儿花里胡哨,"产品建议,小米11",2022-01-14 20:14:03
双开应用的权限设置跟主应用是连在一起的吗？为啥不能分开设置。我设置了分应用自启动关闭，但是一扭头发现主应用的也一块关了。,"产品建议,小米11",2022-01-14 16:15:29
建议说小米11王者赶紧适配120帧，90帧有点小卡,"产品建议,小米11",2022-01-14 11:13:22
一年了 小米11骁龙888还优化不好控制不住，普通刷视屏39度，玩王者开60时间一长都能47度，黑屏充电平均40度放在床上44度，黑屏充电有时42度有时就会停掉再充电温度降下来了充电速度变慢。,"产品建议,小米11",2022-01-14 11:03:28
请问这个音乐快捷栏怎么关闭啊 miui13,"产品建议,小米11",2022-01-14 10:51:35
想要个抖音，快手防烧屏动态悬浮窗,"产品建议,小米11",2022-01-14 10:43:55
小米11暗部的地方太过纯黑，明的地方反而太过鲜艳饱和，两个极端叠在一起，画面很不完整，很不通透，看着非常难受，不能太过追求鲜艳饱和呀，应当要适中，所以希望工程师们搞一下。,"产品建议,小米11",2022-01-14 09:45:25
新推送的miui13状态栏下面的音乐播放栏怎么关掉呀,"产品建议,小米11",2022-01-14 07:45:12
这个音乐播放的东西怎么关闭啊？,"产品建议,小米11",2022-01-14 01:06:37
能在背部双击添加一个单手模式就好了那样能够很方便的操作,"产品建议,小米11",2022-01-14 00:54:20
建议尽快添加行程助手，没有真是太不方便了，只能看着其他品牌手机眼馋,"产品建议,小米11",2022-01-13 22:34:33
万物互联功能的使用方法及步骤，比如两台设备怎么连接，怎样实现互联，互联后具体都能进行什么操作。,"产品建议,小米11",2022-01-13 21:05:37
在使用相机的过程中，流畅度啥时候能提升？一动不动就很卡？MIUI13系统流畅提升了，相机啥时候能提升？,"产品建议,小米11",2022-01-13 19:12:36
建议出个视频通话镜像矫正，让对面看到的画面和自己看到的画面同步，镜像真的不好看,"产品建议,小米11",2022-01-13 17:24:31
桌面小部件很好看。如果能对等做一些四方形或者长方形的大文件夹，实用性将大大提升。友商的产品可以去借鉴借鉴嘛！,"产品建议,小米11",2022-01-13 17:16:50
有谁知道这个怎么去掉……看着好烦  m9( ｀д´ )!!!!,"产品建议,小米11",2022-01-13 16:35:39
我觉得续航还是不太行。我听歌听了接近一个小时，少了接近20％的电。,"产品建议,小米11",2022-01-13 15:59:03
这个版本无线充电突然变得好慢。请官方关注一下,"产品建议,小米11",2022-01-13 15:13:11
希望内测的人很多，为什么把积分当成拦路虎！不理解,"产品建议,小米11",2022-01-13 14:32:54
请问谁知道这个怎么去掉吗？不想让他显示出来,"产品建议,小米11",2022-01-13 13:16:26
现在更新了MIUI13之后充电明显感受就是变慢了 然后还有充电器不兼容的问题  充电老师断断续续的 而且充电根本冲不上 充着的电量一直是不到  而且断续很严重 很搞心态,"产品建议,小米11",2022-01-13 12:10:59
音量这个图标可以改嘛，有点丑啊,"产品建议,小米11",2022-01-13 12:07:18
我想要个快手，抖音防烧屏插件，一不小心抖音，快手就烧屏，过两天屏幕回复了一点，要是有个防烧屏的插件就好了，悬浮的动画小窗口,"产品建议,小米11",2022-01-13 12:03:42
曲面屏太容易摔坏，什么时候出个亲民的换屏服务,"产品建议,小米11",2022-01-13 10:26:56
不知道小米11有没有环境光传感器，如果有建议加上屏幕色温随环境色温改变功能，一块好屏没有这个功能废了,"产品建议,小米11",2022-01-13 08:49:35
中间那时钟两个字怎么去掉,"产品建议,小米11",2022-01-13 08:14:34
日常使用的话90hz已经够了，但是没有这个选项,"产品建议,小米11",2022-01-13 02:05:03
小米11通话时，音量像开了外放，通话音量调小又听不清，如果一意的追求影音体验感受，堆加卖点，而摒弃手机作为通讯工具原本的意义，是不是算一种科技的倒退，希望下一次设计手机的时候要保证它是一部能用的且好用的通讯工具，或者说在保证作为手机最基本功能的前提下，叠加更方便的功能，否则就别叫手机,"产品建议,小米11",2022-01-13 00:43:44
内存总是容易满，可以再优化手机内存清理，可以有针对性和定向清理，系统固件占的空间能更小就好了😭,"产品建议,小米11",2022-01-12 20:37:03
目前我的小米11，采用软件可以设置屏幕刷新率为90hz，说明小米11本身是支持这个刷新率设置的。那基于这个硬件基础，能否给小米11，增加90hz的刷新率可选选项和智能刷新率可选选项。以期提升手机的使用体验和续航,"产品建议,小米11",2022-01-12 19:09:28
王者荣耀7帧???开玩笑的吧小米，骁龙888的小米11王者荣耀打团7帧?真有你的小米，6666666，成功从米粉转为米黑,"产品建议,小米11",2022-01-12 17:02:04
小米11相机拍照反应慢，从相机切到另一个应用卡顿,"产品建议,小米11",2022-01-12 16:01:41
希望在手机管家之类的内置应用也可以打开智能小窗,"产品建议,小米11",2022-01-12 13:54:33
小米11玩英雄联盟手游开不了120帧，分辨率只能选中，不能用超高选项，反馈一下,"产品建议,小米11",2022-01-12 13:44:49
我建议你把小米11重炉回造吧，就这一个玩意让我对小米产品没有了一点兴趣,"产品建议,小米11",2022-01-12 11:55:19
1、请把负一屏的头顶的那句话，永远相信美好的事情即将发生，还给我！！！！那是我每次遇到挫折时候前进的一个动力！！！！,"产品建议,小米11",2022-01-12 11:20:21
MIUI13太耗电了稳定版，29的电量第二天一下就关机了，待机。。。来自小米11,"产品建议,小米11",2022-01-12 10:46:23
虽然手机反应速度，运行速度加快了，但是耗电量却明显提升，该好好优化下了,"产品建议,小米11",2022-01-12 08:55:51
"1，这个续航当面实在没法说，玩游戏的情况下，一天充电五六次，而且快充也越来越慢，有时候还充不到100%，只能充到99%。
2，这个发热也是没谁了，打个视频不到十分钟，发热50度以上，拿着基本可以说把手烫脱皮，平时就算不用放着，基本没下过40度，这合理吗？
3，就说这个游戏掉帧情况，一点没有改善，一直稳定不下来，稍微一热，卡到没话说，就微信发消息都卡的严重。
目前发现问题仅此这些，以上言论仅个人看法，如有不同意见或问题补充的，可以评论区讨论！","产品建议,小米11",2022-01-12 00:09:50
小米11出个12.5.16更新 永远看不到更新 更新系统吊胃口  买过三个小米手机就不会买了 硬件两个手机三个屏幕两个主板  问题多 售后拆机摄像头进东西 两个售后都一样 两个手机一起维修 一个好另一个有 不是清理脏东西就不会仔细清理 维修手机送脏东西,"产品建议,小米11",2022-01-11 23:40:49
全局侧边栏不能添加系统原生应用程序，例如相机等，很常用，如果高度能调节就更加方便,"产品建议,小米11",2022-01-11 23:08:29
希望吧小组件下面的名字给省略掉，或者可以选择性开启。,"产品建议,小米11",2022-01-11 21:39:40
13灰度推送能不能推送这个系统,"产品建议,小米11",2022-01-11 20:29:36
今天早上还有MIUI13的推送，下午回家连上网就没了,"产品建议,小米11",2022-01-11 20:01:59
更新后就出现这个，这个怎么弄掉,"产品建议,小米11",2022-01-11 18:05:21
多几张超级壁纸用，太少了，不够用！,"产品建议,小米11",2022-01-11 17:27:33
建议在miui13加入90HZ刷新率，以降低功耗和发热！！！！！,"产品建议,小米11",2022-01-11 13:37:10
小米11今天全面推送miui13是不是更有意义？,"产品建议,小米11",2022-01-11 12:39:43
抖音不要强行锁帧！不要不要不要！升级了miui13哪里都好，就是抖音强行锁帧了，之前可以清除电量关闭日志记录就可以全局120，现在不行了，强行只有60，我不需要省电，我就是来抖音120的，普通用户默认锁60能理解，但是我们用清楚电量和关闭日志记录的方法过得120能不能不要砍了😫😫😫😫😫😫😫😫😫😫😫😫😫😫😫😫😫。,"产品建议,小米11",2022-01-11 12:22:54
打游戏的时候有人打电话来，网突然就断了，这还好就是一个小波动，挂电话是直接就断了，就算切换卡不行，现在不是都是开通了volte通话吗，可以边打电话边上网，这断网都莫法忍受了,"产品建议,小米11",2022-01-11 11:52:33
QQ占用太高，要么关后台收不到消息，要么开后台耗电，华为ov都已经接入，为什么小米这么拖沓，就算要给腾讯交钱，但这种实实在在提升体验的东西，总比养一堆划水的员工好吧,"产品建议,小米11",2022-01-11 10:31:53
增加一个开关让用户自己选择是否限制性能,"产品建议,小米11",2022-01-11 10:02:59
"1.八折回收置换小米其他手机
2.要么你们彻底解决烧主板问题  别搞什么锁频降温策略  我们花几千块买一部千元机的体验？  还有就是你们能保证产品过了保修期就不会烧主板
  不管不顾伤多少米粉的心？","产品建议,小米11",2022-01-11 09:58:24
NFC功能，无法复制ID门禁卡，复制成功也无法使用，希望以后可以复制ID的门禁卡,"产品建议,小米11",2022-01-11 09:26:12
偶现屏闪！！,"产品建议,小米11",2022-01-11 08:38:13
"1:昨晚10睡觉百分之70的电，早上6点起来剩余百分之50掉电速度太快了。
2:5g手动调整频段缺失，无法调整频段选择。","产品建议,小米11",2022-01-11 06:09:31
对于小米11系列的米粉们不申请内测还不能升级MIUI13感到遗憾,"产品建议,小米11",2022-01-11 04:31:24
如题！！！！,"产品建议,小米11",2022-01-11 02:26:50
第一批次  目前坚挺  建议11半年延保同样只换不修  不然感觉手握一个炸弹一样  不知道啥时候 WiFi就烧了,"产品建议,小米11",2022-01-11 00:47:31
"这个我可真没想到  中午十二点起床到晚上  半天要充四五次电  王者吃鸡掉帧又烫  连冬天都这么烫  夏天手机还能玩？  上微信都卡半天  不知道是MIUI12问题还是手机问题。
","产品建议,小米11",2022-01-10 23:42:09
联系人右侧字母偏小，整体不协调，操作时不好精确点击到。,"产品建议,小米11",2022-01-10 20:50:57
能不能解决下啊，日常使用不到三小时就只剩百分之20，到百分之20后电量更是以肉眼可见的速度下降,"产品建议,小米11",2022-01-10 19:51:08
还不想掉电快，还想要高刷新，能不能加一个90hz的刷新率,"产品建议,小米11",2022-01-10 19:12:45
小米11更新MIUI13后屏幕耗电比以往要快很多，用不了多久,"产品建议,小米11",2022-01-10 18:19:48
"小米11每次来消息那个提示音响了以后正在看的视频或者音乐就没声音了只有等来消息提示音过了才有视频的声音
刚刚问过说是是避免声音重合的时候漏掉重要通知
我建议搞一个可以设置的地方
直接让用户选择是否来消息时屏蔽媒体音量","产品建议,小米11",2022-01-10 16:17:24
MIUI13边充电边打王者发热严重以及掉帧非常严重开的是均衡模式。这个问题在12.5.15增强版中没有出现的。请求官方用心做系统不要快过年了就摸鱼。以下是温度图，怎么会越更新越拉胯？？,"产品建议,小米11",2022-01-10 16:14:51
MIUI 13的时钟插件为什么不能和MIUI12的一样？为什么主题里的时钟插件用不了？你弄那些花里胡哨的东西就算了，为什么要把那些实用的东西改了？强烈建议恢复老版本的时钟插件！,"产品建议,小米11",2022-01-10 15:34:41
小米社区没网络，我得光纤500M都加载不出来，手机也是加载不出来，希望工程师尽快优化下，这个样子怎么使用？MU13才刚更新就出现各种BUG，真实服了你们这些工程师了。,"产品建议,小米11",2022-01-10 15:24:07
求求你们，不要再造手机了，一亿像素的手机还不如四年前的手机，怎么好意思说的！,"产品建议,小米11",2022-01-10 15:03:06
每天都有骚扰电话打进来，都是被标记了几百次的，明明都设置了，为什么没一点用？,"产品建议,小米11",2022-01-10 14:52:38
我想一边玩游戏一边听酷狗音乐，但是玩游戏的时候酷狗音乐声音太小了，希望能够单独出一个控制。,"产品建议,小米11",2022-01-10 13:15:26
能不能把相机的BUG修复一下？拍个照要五六秒，最慢的时候要10秒钟，我用苹果都没出现过这种情况，mu12系统开始就有这个BUG，一直没优化,"产品建议,小米11",2022-01-10 12:43:54
建议刷新率增加90hz档，120hz耗电太快了,"产品建议,小米11",2022-01-10 10:39:01
在游戏里，裸机使用会出现误触断触，就当我手指或手掌碰到边缘弧面时容易触控失灵或是与实际触控区出现误差不同,"产品建议,小米11",2022-01-10 10:22:16
我要清楚手机续航能力，不要自欺欺人了！,"产品建议,小米11",2022-01-10 10:22:12
小爱同学经常不能语音唤醒，建议提高灵敏度。,"产品建议,小米11",2022-01-10 10:17:25
"可以优化下，小米的后台管理，减少后台的耗电量，增加续航时间。
希望可以出一个自动调节小米大多数手机屏幕刷新率的控制模块，用来减少耗电。","产品建议,小米11",2022-01-10 02:02:19
"强烈建议给查找手机功能增加以下几类功能，
1增加显示当前手机连接的网络类型
2增加显示当前手机连接的网络名称以及IP
3增加更换手机卡后自动发送至紧急号码
4增加激活手机时设置查找手机的功能","产品建议,小米11",2022-01-10 01:40:31
谁能告诉我亮度调节下面这个是什么玩意，怎么关掉啊，还是就是13的新样式控制栏在哪？😓,"产品建议,小米11",2022-01-09 20:59:37
"qq微信视频同款，对方看过来是反的，能不能出个修正的功能，求求了
求求了
求求了
真的求求了，出了这个我一辈子买小米
镜像真的太丑了","产品建议,小米11",2022-01-09 20:20:47
"小米11为啥不添加90屏幕刷新率，隔壁的红米都有，120巨费电，自己搞个90刷新率，省电多了，使用感受也可以，搞不懂，为啥到现在还没有添加一个<a href=""https://web.vip.miui.com/page/info/mio/mio/homePage?uid=9259CB7A1AB4C68AFBE1323A4FEFB90C&encryptUserId=9259CB7A1AB4C68AFBE1323A4FEFB90C"" target=""_blank"">@互动站长 </a><a href=""https://web.vip.miui.com/page/info/mio/mio/homePage?uid=AE3733952CFEBA85965B9876116AEFEF&encryptUserId=AE3733952CFEBA85965B9876116AEFEF"" target=""_blank"">@MIUI公告君 </a><a href=""https://web.vip.miui.com/page/info/mio/mio/homePage?uid=B75265E308F91E176E83A8CAF3DD1FF5&encryptUserId=B75265E308F91E176E83A8CAF3DD1FF5"" target=""_blank"">@小米动态 </a>","产品建议,小米11",2022-01-09 19:51:19
米11屏幕刷新率能加个90帧吗,"产品建议,小米11",2022-01-09 16:27:14
有时返回桌面会成横屏,"产品建议,小米11",2022-01-09 15:49:31
现在做的小米越来越不像小米手机了，太垃圾了，光外观好看，系统配置的话不咋样，买一两天就卡的要死让换不给换。,"产品建议,小米11",2022-01-09 13:34:57
照片在选中的时候，不能放大浏览，太不方便了吧,"产品建议,小米11",2022-01-09 10:47:47
"可以增加小米11的屏幕刷新率嘛？120真的太耗电了，60又不喜欢用<a href=""https://web.vip.miui.com/page/info/mio/mio/homePage?uid=9259CB7A1AB4C68AFBE1323A4FEFB90C&encryptUserId=9259CB7A1AB4C68AFBE1323A4FEFB90C"" target=""_blank"">@互动站长 </a><a href=""https://web.vip.miui.com/page/info/mio/mio/homePage?uid=AE3733952CFEBA85965B9876116AEFEF&encryptUserId=AE3733952CFEBA85965B9876116AEFEF"" target=""_blank"">@MIUI公告君 </a><a href=""https://web.vip.miui.com/page/info/mio/mio/homePage?uid=B75265E308F91E176E83A8CAF3DD1FF5&encryptUserId=B75265E308F91E176E83A8CAF3DD1FF5"" target=""_blank"">@小米动态 </a><a href=""https://web.vip.miui.com/page/info/mio/mio/homePage?uid=5AF4F261915A192C9591951E446945DD&encryptUserId=5AF4F261915A192C9591951E446945DD"" target=""_blank"">@社区活动福利菌 </a>","产品建议,小米11",2022-01-09 09:57:33
现在小米11在游戏方面表现太差了，就拿王者来说，高画质下团战都稳不住60帧，特别是发热的时候，更别说极致画质了，毕竟搭载的可是骁龙888啊，能不能针对小米11做些王者游戏方面的优化，这游戏本来就不吃性能，不说90帧，起码得让我们在60帧下有一个好的游戏体验啊，不能为了控温牺牲一切体验呀，现在小米11玩王者荣耀，还没千元机来的爽快呢，咱这可是高端旗舰机啊。,"产品建议,小米11",2022-01-09 08:49:54
"1:手机还是太发烫 建议控制一下
2:打游戏连麦时 偶尔炸麦 不知道为什么","产品建议,小米11",2022-01-09 08:46:58
官方下载的12.5.16包接收不到13的更新包，12.5.15的公测都出来了，小米11就仅剩12.5.16版本的傻闲着了，别人都上车了,"产品建议,小米11",2022-01-09 07:33:04
12.5.15的都更新公测版了，16的还傻等那，16是自己下载的，那也是在社区的刷机包板块里面下的，也是官方的，怎么就不能给个13的推送,"产品建议,小米11",2022-01-09 07:28:11
网络，发烫，bug，尽快修复,"产品建议,小米11",2022-01-09 00:39:57
MIUI13导航栏能不能改成透明度可调的啊,"产品建议,小米11",2022-01-08 23:55:00
"建议加入状态栏歌词

状态栏歌词让状态栏的利用效率变得更好，是桌面变得简洁，比较方便，强推


","产品建议,小米11",2022-01-08 23:23:12
"　　打开【设置】-【通知管理】，选择【通知显示设置】开启【通知过滤】开关；打开【设置】-【账号与同步】，选择【谷歌基本服务】，关闭谷歌服务；打开【设置】-【更多设置】-【开发者选项】，根据实际需要限制手机后台运行的应用数量。下面是详细介绍：
　　1、可能是应用通知过多，可以在打开【设置】-【通知管理】，选择【通知显示设置】开启【通知过滤】开关，减少应用通知推送；

　　2、可能是更新系统后开启了谷歌服务，您可以打开【设置】-【账号与同步】，选择【谷歌基本服务】，将其关闭；

　　3、也可能是部分老机型的性能跟不上，我们可以打开【设置】-【更多设置】-【开发者选项】，在【后台进程限制】选项中选择【不得超过2个进程】。","产品建议,小米11",2022-01-08 23:19:12
屏幕刷新率可以和亮度调节一样智能调节只会在需要的场景下调节，节省电能，同时能带来更好的 体验,"产品建议,小米11",2022-01-08 23:14:36
现在手机一打开都是广告，浏览器打开广告特别多，希望能尽快解决问题不要不要软件开发加那么多广告,"产品建议,小米11",2022-01-08 22:57:46
屏下指纹识别影响输入法，数字5无法输入，只有重新启动才能修复,"产品建议,小米11",2022-01-08 20:51:44
希望小米11的摄像算法可以优化一下，比如将小米12的一部分算法移过来，加强用户体验,"产品建议,小米11",2022-01-08 20:26:08
我之前一直无线充，没发现这个问题，现在用有线充，速度太慢了,"产品建议,小米11",2022-01-08 18:44:42
"连接蓝牙图标太大建议缩小
<a href=""https://web.vip.miui.com/page/info/mio/mio/homePage?uid=A3BC3DF975F6E914112437E93AF3493A&encryptUserId=A3BC3DF975F6E914112437E93AF3493A"" target=""_blank"">@小爱同学 </a>","产品建议,小米11",2022-01-08 15:43:19
点到2点了，2个小时了，这就是所谓的55w快充？,"产品建议,小米11",2022-01-08 14:08:12
打游戏过程中 很容易触发下拉菜单怎么回事啊  一局下来触发10多次  人麻了,"产品建议,小米11",2022-01-08 11:29:56
半年延保没什么太大用处，半年后问题还是没得到解决，应该是手机只要WLAN烧了，就应该换新机,"产品建议,小米11",2022-01-08 11:12:23
目前只能看到WiFi是否在传输过程，是否是WiFi6，每次都得去设置中看一下连接速率，不知道发烧友们是不是和我一样。建议可以自行设置是否开启。,"产品建议,小米11",2022-01-08 11:07:30
再有应用锁是京东调用微信付款是会出现 卡屏现象,"产品建议,小米11",2022-01-08 10:46:26
"小米手机11  MIUI12.5备份，默认全部勾选不会备份小米相册，恢复后手机相册不会恢复，兄弟千万注意，手动备份相册数据。<a href=""https://web.vip.miui.com/page/info/mio/mio/homePage?uid=82C9B4E18D6D6255D88BE1BF5807B837&encryptUserId=82C9B4E18D6D6255D88BE1BF5807B837"" target=""_blank"">@小米官网 </a>","产品建议,小米11",2022-01-08 10:02:02
小米11火影忍者手游什么时候支持90帧呀，都买了一年多了还没适配(•̩̩̩̩＿•̩̩̩̩),"产品建议,小米11",2022-01-08 09:49:57
12.5的新版控制中心的消息通知栏，只能右划删除通知，不能左划删除通知，从老版转过来用新版，感觉好不习惯，是不是可以加上呢？,"产品建议,小米11",2022-01-08 08:53:23
iphone都有不更新按钮了，小米虽然有但是只要使用手机管家就会打开自动更新，实在是垃圾，原先版本用的不发热，不卡顿，自动更新以后，各种发热！,"产品建议,小米11",2022-01-08 08:42:33
无语子，差一点想砸了,"产品建议,小米11",2022-01-08 07:22:07
"小米11ultra 视频追焦

小米11ultra视频追焦太差 作为目前依旧是最强的影像手机，小米12都大幅度提升了视频追焦功能，小米11ultra的视频追焦还是很鸡肋，没道理。工程师们是已经放生11ultra了吗？12的追焦算法能不能给11ultra也安排上? 万物追焦不奢望，至少升级一下，过得去就行。

","产品建议,小米11",2022-01-08 06:43:01
屏幕亮度，游戏发热严重时，有时会自动调低，希望可以手动调节,"产品建议,小米11",2022-01-08 04:08:02
"晚上基本都要看会手机了现在，
暗光环境下不想提升亮度看图看视频，
有没有一种办法，
可以不改变画面原本就亮的能看清的画面，
只提亮一点画面暗部原本看不清的部分，
虽然跟破坏了原来的画面，
但至少能看清大部分画面的内容，
而不用直接提升整体画面亮度，
导致太刺眼","产品建议,小米11",2022-01-08 00:32:44
这样很方便开关5g，不用每次在设置里面打开,"产品建议,小米11",2022-01-07 23:12:08
点编辑邮件无反应,"产品建议,小米11",2022-01-07 22:24:48
"1.第一次用小米，但真TM差劲，打电话时，网络信号断流，是猪脑子吗？技术人员打电话时，不看微信吗？不看其他程序吗？去线下维修店询问，既然跟我说所有的手机都是如此，当第一次用手机
2.小米11运营商信号差，自从用了米11，手机信号就没通畅过，就像便秘，有时真想拿起手机往地上摔，有句广告说，瓜果蔬菜没少吃，为何还便秘，真TM是肠子不通，小米得技术人员都TM便秘吧","产品建议,小米11",2022-01-07 21:52:19
充电功率是否自动减少，一直充不进去，或者充了很久，没增加多少充电功率是否自动减少，一直充不进去，或者充了很久，没增加多少,"产品建议,小米11",2022-01-07 21:00:19
下放算法夜枭   ,"产品建议,小米11",2022-01-07 17:57:26
小米11不说自适应，好歹给个90hz吧,"产品建议,小米11",2022-01-07 16:22:17
赶快给我退MIUI13吧。,"产品建议,小米11",2022-01-07 11:49:11
想都不敢想，一大早起来还有百分之二十多分电量，结果我刚摸手机一分多钟的样子，直接提示我快关机了，就是30秒的那个，我直接人都懵了，然后赶忙去充电,"产品建议,小米11",2022-01-07 08:03:23
60HZ太慢，120HZ太耗电，觉得小米10的90HZ挺好的，能不能追加90HZ设置！,"产品建议,小米11",2022-01-07 07:52:06
闪退问题，，，，，，，，，,"产品建议,小米11",2022-01-07 03:51:56
打游戏的时候给我亮了一下，我还以为咋了，结果一个指纹识别光圈。这个问题出现有一会了，希望赶紧修复！,"产品建议,小米11",2022-01-07 01:09:11
小米11容易起热，官方有没有什么办法给治一治，毕竟用11的人还是挺多的，给想办法缓解一下呗,"产品建议,小米11",2022-01-07 00:43:23
"网上看了好多人，通过一个软件就可以增加小米11的90hz屏幕刷新率，但是官方给的回答是“硬件问题”。通过实测，用90刷新率，续航会好一点，发热也能缓解，实际体验也不差，为什么不能增加一下呢，硬件不支持别人怎么用软件加的呢？<a href=""https://web.vip.miui.com/page/info/mio/mio/homePage?uid=63E5F494F8BAEA78ACD56F7F39A28E01&encryptUserId=63E5F494F8BAEA78ACD56F7F39A28E01"" target=""_blank"">@小米社区 </a><a href=""https://web.vip.miui.com/page/info/mio/mio/homePage?uid=A21EC89AD19579AE1C81B489456C3243&encryptUserId=A21EC89AD19579AE1C81B489456C3243"" target=""_blank"">@MIUI设置开发大江 </a>","产品建议,小米11",2022-01-07 00:04:23
安卓12电池温度还会显示吗？还是说只有正常两个字，手机烫手提示就是正常,"产品建议,小米11",2022-01-06 23:10:38
晚上看手机，音量已经开最小了，声音还是很大，，影响周围人，希望官方解决下，音量，控制范围调下，谢谢,"产品建议,小米11",2022-01-06 22:47:55
在应用内上滑返回桌面没反应，只能左侧返回退出应用后才能正常上滑显示任务栏,"产品建议,小米11",2022-01-06 21:38:39
全面屏手势可以用小屏模式，全面屏手势无法小屏模式,"产品建议,小米11",2022-01-06 20:59:43
11的2k屏幕确实耗电，建议刷新率能从1hz-120hz1,"产品建议,小米11",2022-01-06 20:23:21
"操作步骤
控制栏音乐播放那个关不了，我不喜欢用那个，放那里还碍眼，为什么那个关不了？
预期结果
应该可以添加和删除，让喜欢的人用，不喜欢的人删了
实际结果
看看你们的想法，我不知道了","产品建议,小米11",2022-01-06 20:03:25
既然有造福人类的地震预警和自然灾害报警，我建议这些功能直接默认开启。,"产品建议,小米11",2022-01-06 19:03:12
现在系统一更新手机摄像的聚焦变的没之前清晰了，也没之前速度快了,"产品建议,小米11",2022-01-06 18:57:31
"看着非常模糊，能好一点优化吗？
希望优化一下相机30倍。
这样看起来舒服些。","产品建议,小米11",2022-01-06 17:01:07
系统壁纸和APP希望可以自行删除或卸载，占内存而且有些没有什么用还要留在哪里，希望系统做的干净一些,"产品建议,小米11",2022-01-06 16:52:47
能不能出一款拍照性能十分一般的手机，不需要三摄四摄，就能普通拍个照，扫扫二维码的手机，但其他性能希望可以是旗舰级别的。,"产品建议,小米11",2022-01-06 16:48:49
开发版看不到电池温度，只有正常，过热，低,"产品建议,小米11",2022-01-06 16:37:02
通知栏 ，多通知，容易推到顶部，抖动。,"产品建议,小米11",2022-01-06 14:44:08
存储占用为何为0,"产品建议,小米11",2022-01-06 14:43:42
能不能把音量条做细一点只在屏幕边缘显示，每次按一下都出来那么大一个框框,"产品建议,小米11",2022-01-06 12:11:12
强烈建议，！！！可以在屏幕里增加个虚拟音量键，因为随着手机用久实体音量按键，已经有点失灵了，希望可以采纳,"产品建议,小米11",2022-01-06 11:14:38
"小米11能否增加万物追焦功能。<a href=""https://web.vip.miui.com/page/info/mio/mio/homePage?uid=E09CCC64AB46A985D8ECB552436F0FE4&encryptUserId=E09CCC64AB46A985D8ECB552436F0FE4"" target=""_blank"">@饭团哈哈哈m </a><a href=""https://web.vip.miui.com/page/info/mio/mio/homePage?uid=BB6EF10913C14946E35A3B0435230901&encryptUserId=BB6EF10913C14946E35A3B0435230901"" target=""_blank"">@大双子Me </a>","产品建议,小米11",2022-01-06 10:25:28
消息一多，调整耳机模式就需要不断下滑,"产品建议,小米11",2022-01-06 08:56:55
大文件夹配小组件,"产品建议,小米11",2022-01-06 08:54:42
小米11什么时候能把音质升级一下，旗舰机还没10S音质好，有点太拉胯了吧,"产品建议,小米11",2022-01-06 08:26:14
选择了方向锁定，但是还是存在 竖屏，横屏自动切换的场景。,"产品建议,小米11",2022-01-06 07:08:03
"第三方信息软件，例如：QQ 微信
连接wifi的时候第三方软件接收消息的时候有明显的延迟（最多的时候7分钟）我希望官方抓紧时间修复，还有MUI系统的毛病（太多那就不一一说了），如果年底还不修复的话，我以后就不会再碰小米的任何产品，隔壁华为有的贵是贵了点，但是总比这么多问题的小米好多了，希望MUI的负责人，还有小米的诸位员工加快修复小米的一系列问题
谢谢

","产品建议,小米11",2022-01-06 02:25:44
横屏下通知栏不重要内容展开会切换到竖屏，影响使用体验，希望可以直接横屏展开,"产品建议,小米11",2022-01-06 01:22:57
虽然没什么大问题，不影响正常使用，但有些软件打开慢，他弹出来无响应,"产品建议,小米11",2022-01-05 23:01:28
开发版怎么刷回稳定版啊,"产品建议,小米11",2022-01-05 18:30:17
我第一批为什么没有收到miui13啊,"产品建议,小米11",2022-01-05 18:25:24
我想用MIUI13,"产品建议,小米11",2022-01-05 17:24:20
约苗需要，急需！！！,"产品建议,小米11",2022-01-05 14:34:04
我想建议小米11可以出一个90刷新率并且对其进行优化，既能保持续航，体验也不拉夸。虽然下载小米刷新率可以支持90的刷新率，但是优化的不好，自然体验就不好。个人意见,"产品建议,小米11",2022-01-05 12:55:15
可以增加文件名统一（重命名）更改名字吗？就跟PD电脑端一样能够统一更改文件名（重命名）,"产品建议,小米11",2022-01-05 12:39:13
"内测应该扩大范围，让想尝鲜的米粉都可以使用！<a href=""https://web.vip.miui.com/page/info/mio/mio/homePage?uid=AE3733952CFEBA85965B9876116AEFEF&encryptUserId=AE3733952CFEBA85965B9876116AEFEF"" target=""_blank"">@MIUI公告君 </a>","产品建议,小米11",2022-01-05 11:30:28
你们自己看看有多少老米粉转战vivo了，我从17岁开始用你们的小米手机2，因为之前电话卡换掉的原因，以前的小米账号丢失，我记得买的时候，小米手机和miui在行业里是新的翘楚，我也用起来很舒服，然而，我现在长大了，有自己的家了，也买了自己人生的一辆车，我突然发现，现在的小米除了会吹，其他的都已经无法吸引我了，也许这是我最后的一部小米手机，在今年618，我将正式与小米手机说分手,"产品建议,小米11",2022-01-05 10:25:40
很多时候想自己换个好看的图标或者文字，之前用的其他手机都支持，为啥小米不支持啊,"产品建议,小米11",2022-01-05 10:21:16
有时壁纸和桌面文字颜色不匹配，自动识别不准确，希望能做到手动可调,"产品建议,小米11",2022-01-05 10:12:41
天天叫我去检测，然后就出这两个，永远也到不了100分，强制我去使用这两个功能？现在大数据这么离谱，不需要你帮我记密码，我自己记得住，记不住的还可以改，我们的密码你们记住了是想要干啥？,"产品建议,小米11",2022-01-05 09:49:26
希望双击息屏能在主页面使用,"产品建议,小米11",2022-01-05 09:00:52
开关5g很麻烦啊，能在通知栏里面加个快捷开关就好了,"产品建议,小米11",2022-01-05 00:25:32
希望小米11能尽快适配王者120帧，怎么11Pro和11U都有了，11就不能有呢？,"产品建议,小米11",2022-01-05 00:03:50
就是出现类似于熄屏那种特效，触摸一下出现充电特效，趣味性的充电特效,"产品建议,小米11",2022-01-04 23:15:37
miui 13能不能android auto 车机互联，车机互联，车机互联,"产品建议,小米11",2022-01-04 19:27:06
游戏时小白条触控范围小点    老是会划出来,"产品建议,小米11",2022-01-04 19:07:28
希望负一屏的样式可以自定义,"产品建议,小米11",2022-01-04 17:20:36
这个网络升到13，更不行了，一卡一卡的,"产品建议,小米11",2022-01-04 17:17:32
小米11问题机型应让用户选择退款方式或指定账户退款,"产品建议,小米11",2022-01-04 14:29:37
我建议小米11全系都开通亚米级导航,"产品建议,小米11",2022-01-04 13:09:29
越来越感觉电池不行了，越来越耗电,"产品建议,小米11",2022-01-04 11:46:36
"1:对于系统建议增加多个小屏
2:小部件可以多元化么
3:电池保护系统可以升级么
4:打王者的时候容易掉帧严重
5:相机启动速度慢
6:有时相机无法对焦","产品建议,小米11",2022-01-04 10:51:28
为了更好的5G用户体验，手机恢复更好的音质，建议增强所有小米数字音频手机音质。旧数字旗舰机用户不应该被区别对待。建议增强小米10和小米11用户的手机音质。,"产品建议,小米11",2022-01-04 10:08:35
"我用的小米11
剪切板复制后不能二次修改，保存一段时间后还自动删除。
希望剪切板复制后可二次修改，并增加储存量。","产品建议,小米11",2022-01-04 10:04:12
太羡慕12pro的自动调节,"产品建议,小米11",2022-01-04 09:34:24
MIUI13，稳定版，抓紧推送,"产品建议,小米11",2022-01-04 08:55:26
一起连接万物！,"产品建议,小米11",2022-01-04 00:58:44
小米11支持王者120HZ!!!,"产品建议,小米11",2022-01-03 23:20:22
优化应用加密，比如在解锁界面中，来消息加密,"产品建议,小米11",2022-01-03 23:04:46
"1，小米11手机
2，相机打开卡死无法连接相机
希望可以优化，再加上指纹识别解锁手机，总社会解锁不灵","产品建议,小米11",2022-01-03 23:04:27
一直以来用了好多手机，大部分都是小米，感觉参数都挺好，比其它机型厉害，用了小米11然后我家里人换了其它品牌手机，相机像素，处理器的流畅度，电池的容量，功能的便捷，真的感觉小米的参数没什么用，一亿像素没看出来好在哪，电池百分之二十两分钟自动关机，,"产品建议,小米11",2022-01-03 22:40:44
miui13小米11的充电速度明显不如miui12.5，望修改,"产品建议,小米11",2022-01-03 21:38:54
"蓝牙连接车载电脑或者音响等一切外放设备，来消息时音乐不会暂定，直接进入消音模式，听感特别差；要是群里聊起来突然来很多消息，一首歌就听到几个字，全是消息的提示音，特别烦。
之前MIUI 12的系统就不存在这样的问题，来消息的时候音乐会进入一个声音变小的模式但是还是可以很流畅的听到，希望快点改进呀","产品建议,小米11",2022-01-03 20:51:46
希望应用锁可以设置选择那几个指纹能解锁,"产品建议,小米11",2022-01-03 19:56:24
miui13如何把桌面小部件的名字去掉！太难受了！无字模式所有的名字就都没了，也不舒服！,"产品建议,小米11",2022-01-03 17:06:07
拖动窗口，只能滑动，小屏进不去,"产品建议,小米11",2022-01-03 15:41:28
怎么都MIUI13了，11还是没有无界主题？,"产品建议,小米11",2022-01-03 14:45:42
"看抖音屏幕下方有➕号首页
上方有推荐
右侧有抖音爱心❤️分享等残影，小米11什么时候解决屏幕问题？真的很苦恼啊。","产品建议,小米11",2022-01-03 14:42:24
硬是害怕WIFI烧了，或者说弄一个CPU温度监控，达到某一个温度极限时，自动退出游戏,"产品建议,小米11",2022-01-03 14:14:51
现在只有60hz和120hz刷新选项，60刷新速度很慢，120刷新费电，而且掉帧不是所有软件都支持。90hz刚好省点和不掉帧。,"产品建议,小米11",2022-01-03 11:51:35
"小米不能只从软件优化，需要做一些镂空洞洞手机壳出来，让小米11用户购买或者小米赠送。
自己买的手机壳，打孔，总有一些违和感。
冬天到了，夏天还会远吗，小米11瑟瑟发汗。<a href=""https://web.vip.miui.com/page/info/mio/mio/homePage?uid=C182AB7A20E6714BBFC10D29CB4BF521&encryptUserId=C182AB7A20E6714BBFC10D29CB4BF521"" target=""_blank"">@负责人在线 </a><a href=""https://web.vip.miui.com/page/info/mio/mio/homePage?uid=28E92AF773CA73CFACB0420E1B506486&encryptUserId=28E92AF773CA73CFACB0420E1B506486"" target=""_blank"">@雷军 </a><a href=""https://web.vip.miui.com/page/info/mio/mio/homePage?uid=19DEBCDEB908890EA603001AFC960211&encryptUserId=19DEBCDEB908890EA603001AFC960211"" target=""_blank"">@小米服务那些事 </a>","产品建议,小米11",2022-01-03 10:56:48
证件照换底色不强制压缩像素就好了，在原像素上正常换底色，可以稍微变一点点。而不是强制压缩成小一寸或者1寸等等。,"产品建议,小米11",2022-01-03 10:27:38
体重汇报后需要退出再进才会更新,"产品建议,小米11",2022-01-03 10:19:52
强烈建议处理器调度全开 已经严重影响日常体验  ,"产品建议,小米11",2022-01-03 09:30:01
小米11中国电信5G老是断网什么时候解决下啊？,"产品建议,小米11",2022-01-03 07:36:28
miui13赶紧适配黑鲨手柄2,"产品建议,小米11",2022-01-03 05:36:57
"小米11
12.15.0稳定版
120帧 WQHD显示
打游戏拉小窗画面卡顿掉帧 
打游戏拉状态栏下滑，左右切换，画面卡顿掉帧
任何场景，增减音量，点击左侧应用音量调试画面，卡顿掉帧
任何场景时微信悬浮窗，使用微信掉帧卡顿","产品建议,小米11",2022-01-03 01:17:56
小米11 12.5.15 系统清完后台程序，系统运行内存占用2.8g左右，更新13 系统清完后台程序，系统内存占用3.9g左右。,"产品建议,小米11",2022-01-02 23:52:29
小米11发布会说的四档刷新率呢？？？！！！,"产品建议,小米11",2022-01-02 19:24:12
开发版需要从现在稳定版换过去，手机那么多数据搞起来太麻烦了。但又想体验miui13并帮助完善，所以希望官方大大扩大一些稳定版内测的名额。,"产品建议,小米11",2022-01-02 17:11:28
请问大家。小米手机上亮点是不是烧屏一点一点,"产品建议,小米11",2022-01-02 17:00:07
你们发布会说的4档调节这个骗人的嘛,"产品建议,小米11",2022-01-02 16:46:09
小米11尽快适配王者120帧，都出了这么久的手机了，没120帧说不过去啊,"产品建议,小米11",2022-01-02 14:43:25
连接WiFi，直接连接不上，只能通过修改ip修改为静态来连接,"产品建议,小米11",2022-01-02 12:22:40
有的时候按屏幕就成黑屏了，不知道是系统的原因，还是手机卡的原因,"产品建议,小米11",2022-01-02 11:41:43
今天刚进入社区，满屏都在讨论MIUI12.5.15版本已推送MIUI13的好消息，而MIUI12.5.16，反而什么也没有，为什么不能一视同仁，为什么不能提前在榜上说明原由，我从小米3一直用到小米11，突然心痛了，好生失望！最后希望小米研发中心也能想到我们，“做优做强做大”，不失众望。,"产品建议,小米11",2022-01-02 11:19:22
手机放在兜里莫名发热而且耗电贼快（手机信号都是满格的情况下）而且在兜里蓝牙和WiFi还会莫名自动打开,"产品建议,小米11",2022-01-02 09:58:13
很多应用的深色模式都会有很多内容无法呈现,"产品建议,小米11",2022-01-02 09:46:44
13的桌面小部件怎么去掉名称？,"产品建议,小米11",2022-01-02 09:20:57
小米11的工具栏只有视频和游戏里能用，但是在日常场景不能使用，这一点不太方便,"产品建议,小米11",2022-01-02 00:28:29
续上贴，有问题会持续反馈,"产品建议,小米11",2022-01-01 23:26:51
"不知道你们有没有这个问题，我的微信相册打开极慢，加载半天才打开相册

操作出现问题是想发微信图片，打开相册然后转圈圈，转很久！！

还有一个，同事或者群里发多个笔记的时候，滑动聊天遇见会卡！卡！卡！！直到笔记里加载的差不多就不卡了！！！



另外！！！耗电好快！！！发热好厉害！！现在冬天还好，夏天，简直烫手，现在也是暖手宝级别的！！！

另外一个视频我会另立帖子。

兄弟们帮忙顶一下。加精","产品建议,小米11",2022-01-01 23:03:42
小米11打开相机然后切换到另一个应用会卡  然后在切换到相机也会卡,"产品建议,小米11",2022-01-01 22:33:24
负一屏继续优化，省得每次划过去重新加载,"产品建议,小米11",2022-01-01 22:21:53
给小米11加个呼吸灯功能，再把指纹解锁样式加几个,"产品建议,小米11",2022-01-01 22:20:27
在应用商店重新下载也不行，提示不支持,"产品建议,小米11",2022-01-01 21:53:26
我用的是华为的运动手表，有接电话功能，前段时间出现微信视频就卡死！最后找到原因是微信发视频的时候蓝牙手表里面的语音接听在和手机语音接听冲突！导致手机微信卡死！我是手机是小米11 12+256版本，希望小米对其他品牌的智能手表优化好些！,"产品建议,小米11",2022-01-01 21:53:09
建议出一个类似于超频的开关，考虑下游戏党的体验好不好，不要一刀切。,"产品建议,小米11",2022-01-01 20:56:39
小窗应用总是点不大，只能退出,"产品建议,小米11",2022-01-01 20:18:16
小米11防误触不好，握手里玩手机很容易导致误触。希望学习一下苹果的防误触。,"产品建议,小米11",2022-01-01 16:15:22
蓝牙图标就显示有耳机了，旁边那坨黑色的真的欣赏不来，所以我一直没用耳机……能不能优化一下，换个图标？,"产品建议,小米11",2022-01-01 14:48:04
屏下指纹太亮了吧,"产品建议,小米11",2022-01-01 10:59:44
手机是8G运行，但是实际显示的是3G多,"产品建议,小米11",2022-01-01 09:24:32
打qq电话时，为什么有时候会黑屏,"产品建议,小米11",2022-01-01 08:10:06
改善小米11长焦切换时的清晰度,"产品建议,小米11",2022-01-01 06:41:39
都好几个版本了，小米搜狗输入法一直没有高度调节功能，找了好几遍都没有找到，其他都有,"产品建议,小米11",2022-01-01 04:53:08
小米11打开相机卡顿死了，什么时候优化,"产品建议,小米11",2022-01-01 04:52:04
希望小米11和小米12一样拥有自定义刷新率功能，更加省电😏😏,"产品建议,小米11",2022-01-01 02:44:43
"小米11
希望这次小米12出来小米11可以降价","产品建议,小米11",2022-01-01 02:19:13
观看视频的时候退出去再重新进来，光亮不那么突然间刺眼,"产品建议,小米11",2022-01-01 02:18:19
视频通话（某信）中锁屏，再次点亮屏幕后会出现依然是视频通话界面并且无法点击（偶尔会出现不清楚原因）,"产品建议,小米11",2021-12-31 23:17:18
能在11上加一个90的刷新率吗？实用性更高一些,"产品建议,小米11",2021-12-31 22:53:00
各位小米系统开发工作人员：你们好呀，每天都得点击手机管家，都得点击一下垃圾清理，优化加速，病毒扫描，这三个功能。能不能开放一键三个功能全部启动呀。省去每天一次点击三次的烦恼，麻烦请采纳，谢谢。,"产品建议,小米11",2021-12-31 22:31:44
小米11卸载软件声音怎么关闭     不喜欢有着个声音,"产品建议,小米11",2021-12-31 19:33:24
手机发热后功能下降手机卡的动不了出现闪屏卡屏,"产品建议,小米11",2021-12-31 16:33:08
相机拉胯，听歌破音充电慢，优化一下,"产品建议,小米11",2021-12-31 15:41:43
"天气预报不准，希望可以优化<a href=""https://web.vip.miui.com/page/info/mio/mio/homePage?uid=94C50C3D1EC3683F24EC437B90412DC6&encryptUserId=94C50C3D1EC3683F24EC437B90412DC6"" target=""_blank"">@小米工程师 </a>","产品建议,小米11",2021-12-31 13:38:58
"我想问一下，小米用户大部分还是游戏用户吧？
看b站一群人想要米12不发热，不能追求极致性能。我就想12如果散热好的话为什么不能追求性能非要稳定，游戏不发热。我就想问一下。贵米，你真要这么干吗？你的稳定性拼的起华为吗？听这群人说的搞商务手机？那我这个小用户只能选其他游戏手机了
-来着米11","产品建议,小米11",2021-12-31 13:08:42
早点用上MIUI13吧,"产品建议,小米11",2021-12-31 13:07:15
这续航担忧啊，希望MIUI13加油啊,"产品建议,小米11",2021-12-31 13:02:04
希望背部轻敲可以自定义打开应用,"产品建议,小米11",2021-12-31 11:50:29
建议给CF手游高刷，不求120hz，给个90hz就好！60hz体验很差！,"产品建议,小米11",2021-12-31 11:17:16
小米11的相机总感觉有延迟，,"产品建议,小米11",2021-12-31 09:36:09
建议系统字体设置兼容所有软件，包括应用分身,"产品建议,小米11",2021-12-31 09:27:08
"开了静音还有拍照还有声音
","产品建议,小米11",2021-12-31 09:12:55
从小窗变回主页面时画面会压缩变形，比如原神就是这样，变成小窗时浏览器之类的会刷新。,"产品建议,小米11",2021-12-31 09:07:49
手机就用充电宝充电，放着不动，哇，巨烫无比，关键我连用都没用，给充电宝拔了，还是烫，直接手动降温得了,"产品建议,小米11",2021-12-31 07:34:32
发布会只字不提小米11的问题，硬件问题，软件不可能解决只能降频锁核，大家相信小米花了4000多买的所谓的高端旗舰体验2000段手机的感觉，出了问题就一个延保换机，试问马上过了保修的出了问题咋搞，是体量大了销量好了，能称大厂么，品质是真的不如蓝绿，华为了🌝，我已经做好准备接受 真 米粉们的批评了，请开始你们的表演,"产品建议,小米11",2021-12-31 06:28:54
"1:小米11
2:在指纹解锁的时候
3:指纹解锁的时候，动画有明显卡顿，体验很不好","产品建议,小米11",2021-12-31 06:22:05
开性能模式玩游戏的无非是想把温控去掉。持续游戏满帧。哪怕是降降特效 。到底有没有用啊 这开发组摆烂？？？一点不管呗就是。怕温度高故障率高嘛？发了很多条帖子了到底有没有人看。到底有没有人回复？冲什么高端？直接放弃治疗了呗。,"产品建议,小米11",2021-12-31 04:27:09
希望小米11系列手机也更新小米12系列里的极速拍照，不然11u提现不出价值，毕竟优化那么久，给老旗舰上一下也是好的至少不会那么卡，我米11打开相机是真的卡，想抓拍瞬间都不行,"产品建议,小米11",2021-12-31 03:09:27
希望能快速便捷切换4/5G网络,"产品建议,小米11",2021-12-31 00:48:17
游戏，微信等软件，时不时卡死，无反应，手机按不动的现象,"产品建议,小米11",2021-12-31 00:03:21
明确显示电池的性能，是否具备更换电池的条件,"产品建议,小米11",2021-12-30 19:10:55
小米11真垃圾。打个软件都卡的要死。卡死了，打不开了。,"产品建议,小米11",2021-12-30 17:46:43
时钟小部件下面还有字“时钟”，虽然也没错但是好丑啊，能去掉吗？,"产品建议,小米11",2021-12-30 16:55:43
"难道要我自己适应刷新率？<a href=""https://web.vip.miui.com/page/info/mio/mio/homePage?uid=A584EBE39A62D689ADF6653E7F6D0D39&encryptUserId=A584EBE39A62D689ADF6653E7F6D0D39"" target=""_blank"">@MIUI大王 </a>","产品建议,小米11",2021-12-30 14:39:49
没有车机互联功能，无爱了,"产品建议,小米11",2021-12-30 12:58:32
因为小米没有车机互联功能，我现在十分纠结是否换掉这个小米11,"产品建议,小米11",2021-12-30 12:58:01
小米11手机,"产品建议,小米11",2021-12-30 12:17:51
"小米11用户痛点，电池不耐用。
手机设置那是能多省电就多省电
DC调光有时候都不敢开
给的2K分辨率的屏幕愣是不敢用
开了2K感觉早上拔的充电器中午就没电了
体感上60hz也没有满血，感觉卡到爆
120hz又真的太费电了
首发买的，等了一年了，还没有90hz","产品建议,小米11",2021-12-30 12:15:31
"小米11用户痛点，电池不耐用。
手机设置那是能多省电就多省电
DC调光有时候都不敢开
给的2K分辨率的屏幕愣是不敢用
开了2K感觉早上拔的充电器中午就没电了
体感上60hz也没有满血，感觉卡到爆
120hz又真的太费电了
首发买的，等了一年了，还没有90hz","产品建议,小米11",2021-12-30 12:14:58
一部将近5000的手机买来还打不过千元机，买这个手机有什么意思，一开始宣传多好多好，后面开始各种限制各种降频锁帧，这不是把狗骗进来sha吗，令人寒心，建议出一个模式可以解除温控，需要的人自己打开使用。,"产品建议,小米11",2021-12-30 11:54:26
建议小米11加上90刷新率,"产品建议,小米11",2021-12-30 11:51:36
贴图下面的文字能不能取消,"产品建议,小米11",2021-12-30 10:54:46
最后一次用小米手机了，使用体验极差，发布会吹嘘的我都信了🌝🌝,"产品建议,小米11",2021-12-30 10:11:02
"三指截屏迟钝，有些界面直接还用不了。只能点击状态栏的截屏才可以。
指关节截屏直接用不了，可能吧屏幕敲烂才能截一张。","产品建议,小米11",2021-12-30 10:02:54
Wifi频繁断连，影响游戏体验,"产品建议,小米11",2021-12-30 09:48:37
提升手机桌面流畅度,"产品建议,小米11",2021-12-30 08:48:51
比如现在微信的语音通话中的界面 然后锁屏再打开不是锁屏的界面，还是语音的界面并且无法点击,"产品建议,小米11",2021-12-30 08:47:21
小米11耗电量快，一天要冲好几次电，能不能优化一下,"产品建议,小米11",2021-12-30 08:23:11
时间太小了,"产品建议,小米11",2021-12-30 07:01:56
提高电话号码识别能力，小米系统无法识别其他文本中带有空格的电话号码，使用太不方便，建议提升识别能力，便于拨号,"产品建议,小米11",2021-12-30 05:29:52
微信通知声音不能与音乐共存，微信一通知音乐就中短一下。,"产品建议,小米11",2021-12-29 23:53:28
尽快MIUI13,"产品建议,小米11",2021-12-29 23:42:09
我想内测MIUI13我想内测MIUI13,"产品建议,小米11",2021-12-29 23:06:01
小米11太卡了没法用。电池耗电厉害。,"产品建议,小米11",2021-12-29 21:52:51
小米11手机微信在待机状态经常不提醒，而且有时候在使用的时候还会延时提醒,"产品建议,小米11",2021-12-29 21:45:59
苹果的NFC可以扫出学生证的信息，小米的NFC对学生证的扫描连个弹窗都没有，只有频繁的震动。,"产品建议,小米11",2021-12-29 21:40:06
"小米11打开游戏模式进入游戏模式后，手机外放声音小的一批，这个问题我从年初的三月份一直反馈到现在还是没解决，不解决。
有人说关掉游戏加速就好了，这个我当然也知道啊，但是关掉后就不方便调出qq微信小窗回消息啊。
又有人说把游戏加速里的音质优化给关掉就好了呀。我想说，你倒是把这个开关给我加上啊……

我不需要你们的音质优化，给我关掉吧，我发帖发了三十多个，你们miui就是不解决","产品建议,小米11",2021-12-29 21:27:59
13充电还发烫嘛？,"产品建议,小米11",2021-12-29 21:06:58
小米11手机很多时候信号不好，而且有的时候完全没有信号，还会自动屏蔽信号，建议修复一下信号问题，这样让用户有更好的体验,"产品建议,小米11",2021-12-29 19:59:48
m11会有原生美肌人像嘛 ,"产品建议,小米11",2021-12-29 18:45:28
小米11出厂不内置miui12。。。等小米12发布直接出厂预装miui13！建议把开发版公测权限放开！,"产品建议,小米11",2021-12-29 16:35:15
"MIUI12.5 建议小米的工程师可以将专注模式 设置一个强制解开或者可以发短信打电话，或者你别屏蔽调用NFC功能呀你，上次在图书馆来了一个半小时的专注模式，突然临时有事，非常紧急的事呀，我没法调用NFC使用了，无法签离座位，紧急下我关机重启发现也没用，(当时有点想把手机摔了的冲动呀，小米，小米你坑惨我了)最后我就没有签离直接走了，校园卡就被记违约一次，呜呜X﹏X<a href=""https://web.vip.miui.com/page/info/mio/mio/homePage?uid=63E5F494F8BAEA78ACD56F7F39A28E01&encryptUserId=63E5F494F8BAEA78ACD56F7F39A28E01"" target=""_blank"">@小米社区 </a>","产品建议,小米11",2021-12-29 16:17:36
"小米11或者其他屏幕指纹(光学指纹)可供选择解锁样式太少，希望增加
小米11指纹解锁是动画卡顿","产品建议,小米11",2021-12-29 15:29:02
真就不给root了，海外党买小米活该是吧，海外党就不该买小米谷歌都装不了神了,"产品建议,小米11",2021-12-29 15:07:56
桌面小部件能自定义大小就好了，在5×6的布局下小部件是长方形的，看着别扭！,"产品建议,小米11",2021-12-29 13:46:14
"小米手机信号问题
1.型号小米11
2.小米手机在进行百度导航的问题时总是显示信号📶弱，无法定位，实时导航。同时在朋友打电话沟通的时候说我这边信号不好，你明明是信号满格，还有无法安装磁吸手机壳，是不是磁吸全防护手机壳有影响
3，希望小米工程师求关注😄😄😄","产品建议,小米11",2021-12-29 13:44:18
小米11点亮屏幕锁屏页面壁纸都变成黑色，频繁发生。,"产品建议,小米11",2021-12-29 13:26:08
还降亮度，我888买了个寂寞？8gen1三星靠得住？台积电870就是个神，9000新神,"产品建议,小米11",2021-12-29 12:47:42
马上了，跪着聊,"产品建议,小米11",2021-12-29 12:43:40
这段时间出现了充电异常 有时候偶尔出现充到86  87自动断电  有时有充电100不知道什么问题,"产品建议,小米11",2021-12-29 12:28:47
用了这么久安卓手机，冲着小米主题免费而来。但是我发现虽然主题免费了，但是却总感觉少了点什么，以前的小米经典主题各种自定义等等太多了，现在很多想要的主题拥有过得主题都消失了，也走了很多优秀的主题制作制作大神。我最喜欢的就是桌面dock栏，虽然自带主题没有dock栏，但是想着能用主题混搭一个也找不到一个带dock栏的主题，所以在此建议官方能开放主题开发加入dock栏，自带主题也能增加dock栏或者弄一个开关开启或关闭dock栏，让大家选择。,"产品建议,小米11",2021-12-29 11:34:26
建议恢复音量唤醒，虽然说有屏幕指纹很方便，但是因为以前习惯了，按音量键点亮屏幕，看时间。而小部分人不太喜欢开息屏显示。所以建议恢复音量键唤醒,"产品建议,小米11",2021-12-29 11:22:27
Miui车机互联，有没有提上日程？,"产品建议,小米11",2021-12-29 10:12:54
"真的不知道为啥要这样做 嵌入广告，安装APP界面也一样有广告，这就是所谓的纯净？
下一部手机不考虑小米了，这太失望了！！

","产品建议,小米11",2021-12-29 10:12:38
建议微信字体是否能与手机字体大小一致,"产品建议,小米11",2021-12-29 09:52:39
建议小米新系统MIUI13在安全中心里面添加回强力清理。以提高手机流畅度和安全度。,"产品建议,小米11",2021-12-29 09:37:58
系统预装软件，建议可由用户选择卸载。,"产品建议,小米11",2021-12-29 09:29:48
求等MIUI13,"产品建议,小米11",2021-12-29 09:27:13
小米11现在经常要一天两冲  是否可以提供专卖店换电池的服务  现在只有售后服务中心才能换  有些小城市根本就没有服务点  所以提供专卖店的售后服务,"产品建议,小米11",2021-12-29 09:10:12
"1·针对小米手机:现在不是堆硬件的时候了，自用的小米11，一天两充，这个什么时候能够解决？
2.针对小米手表:什么时候能出一款真正独立的智能手表，我发布的S1就是一个大号手环，看看OPPO，一加，三星的智能手表，学习下。","产品建议,小米11",2021-12-29 08:58:59
好希望MIUI也出一个车载互联隔壁，OriginOS跟百度合作的让我羡慕,"产品建议,小米11",2021-12-29 08:49:25
阳光下使用,"产品建议,小米11",2021-12-29 06:25:35
"1.太踏马单一了 而且很幼稚 不能关闭
2.跟非主流一样一点也不科技感好不好 要不极致简约到白纸  要不花里胡哨到天花板 好家伙你直接不干了","产品建议,小米11",2021-12-29 03:46:10
小米11日常使用不会有什么问题，但是在打开了120hz后使用会发热，耗电快，打游戏会烫的不行，所以日常只能使用60hz，对120hz的功能，使用性不会有很好的体验，希望对系统优化，发热严重就自动关闭某些无关消耗手机的应用，从而对手机的使用性大大增加好体验,"产品建议,小米11",2021-12-29 01:34:41
小米能不能和苹果一样手动最高亮度和自动最高亮度差 不多 手动最高：835.79nit 自动最高：833.21nit ,"产品建议,小米11",2021-12-29 00:46:24
"将音乐播放器加入视频工具箱后，例如网易云音乐，在打开了工具箱的3D音效的功能后，切换到系统自带软件或者是主屏幕页面的时候会有卡顿，伴随着声音减弱，再次进入网易云音乐后声音又恢复原样，如果切到其他同样是加入了视频工具箱的软件界面，则声音不会有变化。
  建议：如果开启了视频工具箱后，在播放音乐的软件如果加入了视频工具箱，切换到系统自带软件或者主屏幕时，默认为这些软件和主屏幕也是开启了工具箱。
手机：小米11","产品建议,小米11",2021-12-29 00:22:55
在黑屏的状态下，用手在手机上方传感器划过，不触碰手机，就可以显示息屏特效，我觉得这样更加有利于息屏显示的功能完善,"产品建议,小米11",2021-12-28 23:06:10
建议小米社区内测积分多给点吧，太难赞了，大哥们，求帮助,"产品建议,小米11",2021-12-28 22:51:31
今天看了12的发布会，又看了看11Pro，我想到了一个小小的建议，不知道能不能行得通，小米11发热严重，散热这一块肯定不太好，我在想11和11pro构造差不多，11Pro有vc散热，那么11能不能在后面加点vc散热，可以的话，出个公告，在哪加，多少钱，怎么弄，给用户个选择，不知道这个小建议能不能行得通🤔,"产品建议,小米11",2021-12-28 22:35:10
小米11需要自适应刷新率,"产品建议,小米11",2021-12-28 22:33:20
建议打游戏接听电话可以悬浮，而且游戏打久了，接近电话后还会杀后台,"产品建议,小米11",2021-12-28 22:12:57
我要小米12的动态调度 我想体验满帧的王者荣耀仅此而已！ 游戏动态调度！！！！！888有机会吗？？？？,"产品建议,小米11",2021-12-28 22:04:13
收到短信验证码的时候无法识别，自己输入好麻烦,"产品建议,小米11",2021-12-28 21:49:24
小米11适配和小米12pro一样的动态刷新吗？？？,"产品建议,小米11",2021-12-28 21:40:37
英雄联盟手游，开游戏模式会变成一卡一卡的情况。,"产品建议,小米11",2021-12-28 20:35:07
Miui13没有车机互联，各位换手机吧,"产品建议,小米11",2021-12-28 20:21:18
"问题：电话铃音和通知铃音设置在一起的不便！
详细描述：当我想把手机的来电铃声设置成满音                       量，微信或者别的软件通知音量也是满的，而且有时突然来消息会吓人一跳！
解决办法：把来电音量和通知音量分开。
同时也建议把所有各种功能的音量也分开！这样不是复杂，而是更简单明了！
","产品建议,小米11",2021-12-28 10:50:42
"屏幕刷新率
能不能增加90hz，120hz太耗电，用原来的60hz好卡一样","产品建议,小米11",2021-12-27 10:53:19
出一个类似于vivo jovi incar的车载系统，通过蓝牙数据线连接车机，只要汽车支持carlife功能即可使用，具体工作原理不懂，还请参考vivo jovi incar,"产品建议,小米11",2021-12-27 07:15:25
网易云蓝牙耳机声音小    希望优化一下,"产品建议,小米11",2021-12-26 17:31:34
小米11WiFi问题 建议官方出台小米11加价更换小米12的政策 ，  ,"产品建议,小米11",2021-12-26 15:46:43
这样想用谁的音色直接搜索多好，社区的好多都失效了,"产品建议,小米11",2021-12-25 08:53:13
我7月20号买的，现在3个多月。电池这么低？,"产品建议,小米11",2021-12-24 22:45:46
建议关机的时候需要输入密码。不然很容易被别人恶意关键,"产品建议,小米11",2021-12-24 13:08:21
"小米手机的录制萌拍只有15秒，不够用。
一句话还没说完就停了。
能不能给到1分钟。","产品建议,小米11",2021-12-24 12:37:22
小米手机的备忘录卡顿,"产品建议,小米11",2021-12-24 11:38:37
音量单独控制功能加上，,"产品建议,小米11",2021-12-23 23:34:48
我希望可以使用人脸解锁微信应用锁这样更方便平时看微信,"产品建议,小米11",2021-12-23 14:52:30
最近自动亮度总是偏亮，手动调了又会偏亮。该暗的时候，又没有到最暗。,"产品建议,小米11",2021-12-23 12:34:17
指纹识别样式建议增多一点,"产品建议,小米11",2021-12-22 09:28:24
有没有看视频时让消息弹窗变透明的功能，每次看视频一来消息就把视频内容给挡住了,"产品建议,小米11",2021-12-21 23:25:09
第一部小米没用几个月黑屏，换了一个新的没一个月又触屏不行，小米手机真心不行，谁买谁后悔,"产品建议,小米11",2021-12-21 22:52:51
专注模式里要是可以自己选择自己选定使用的个别应用就好了,"产品建议,小米11",2021-12-21 16:14:03
手机管家里的游戏加速，性能增强建议加一个音质优化,"产品建议,小米11",2021-12-21 00:48:22
对小米11的60HZ优化一下吧，上班一天120的电不够，只能60HZ的，但是60HZ的真的一卡一卡的，就好像30HZ的刷新率一样，希望能和以前没有高刷时候的流畅度就行,"产品建议,小米11",2021-12-20 22:28:31
建议增加90hz选项，我也想用，如果能用上，应该能省电一些吧ᥬ🤔᭄,"产品建议,小米11",2021-12-20 21:10:35
UC浏览器，关闭不掉声音。,"产品建议,小米11",2021-12-20 17:10:54
小米11建议90赫兹刷新率,"产品建议,小米11",2021-12-20 15:42:08
添加选择项，把出厂音效加上可以让用户自由选择,"产品建议,小米11",2021-12-20 11:14:51
明明都连上车子的蓝牙了     蓝牙解锁页面还搜索不到蓝牙   ,"产品建议,小米11",2021-12-20 07:41:05
设置闹钟能不能输入时间，滑动设置太慢了,"产品建议,小米11",2021-12-20 01:29:07
哈曼卡顿还能不能回来？大家一起反馈,"产品建议,小米11",2021-12-19 11:53:34
小米11增加小爱同学音色录制,"产品建议,小米11",2021-12-19 11:34:40
小米11PRO能不能出点其他的手机壳素皮的都太容易磨损了其他型号的手机手机壳那么多种11PRO就一种,"产品建议,小米11",2021-12-19 10:37:11
小米11使用微信和uc运行内存占用太大,"产品建议,小米11",2021-12-18 20:44:44
希望微信提示音音量和来电铃声音量能分开设置,"产品建议,小米11",2021-12-18 19:32:02
"小米11立体声不太明显。只有在刻意的立体声视频 下才能明显感知。
对于双扬声器的手机提升明显。
尤其在游戏。音乐，影视，等视听方面表现明显。同样的视频，游戏，在和iOS对比的过程中，发现iOS优化的很好。
现阶段智能手机同质化严重，对于细节优化可以慢慢拉开差距。
希望小米在音效优化这一块可以花花功夫。","产品建议,小米11",2021-12-18 10:30:58
希望12月分出个天玑9000的米12s。,"产品建议,小米11",2021-12-18 08:39:13
现在酷狗新的版本支持状态栏歌词。但是会和时间，勇士勋章和通知图标重叠。到时候MIUI13适配一下,"产品建议,小米11",2021-12-17 15:38:56
什么时候更新,"产品建议,小米11",2021-12-17 15:13:20
"操作步骤
小米社区字体显示有问题，在互动消息里边显示的不是设置的字体
预期结果
字体应该显示设置字体
实际结果
显示的是默认字体。。。","产品建议,小米11",2021-12-17 07:49:17
多会可以隔空操控呢,"产品建议,小米11",2021-12-16 16:07:17
"笔记支持自定义背景
","产品建议,小米11",2021-12-16 14:20:53
"1.什么时候能做出全局小窗呢？希望通知栏每一个程序都可以小窗打开
2.通知栏现在没有分类特别乱，所有的通知都堆在一起，非常影响正常的信息获取","产品建议,小米11",2021-12-16 13:56:08
"每当在比较强的阳光底下看手机，不论是点开【自动亮度】还是关闭【自动亮度】，或是手滑动到最高亮度，但手机的视频光线始终是处在灰暗中，根本看不清视频内容。<a href=""https://web.vip.miui.com/page/info/mio/mio/homePage?uid=63E5F494F8BAEA78ACD56F7F39A28E01&encryptUserId=63E5F494F8BAEA78ACD56F7F39A28E01"" target=""_blank"">@小米社区 </a>","产品建议,小米11",2021-12-16 07:25:09
刷短视频截图更方便,"产品建议,小米11",2021-12-15 23:12:44
原来安卓11的时候，我的app还能用，更新之后不能用了，就是这个LED魔宝，学校的电子屏控制软件，突然不能用影响日常工作，希望能早点适配。,"产品建议,小米11",2021-12-15 18:08:38
"数据分析健康小程序
这个问题不是问题吧
求你了解决方案","产品建议,小米11",2021-12-15 15:04:54
麻烦各位大工程师多听取哈建议，我看也有好多人反应这个私密相册，要必须开启云同步才可以用。就不能关了吗,"产品建议,小米11",2021-12-15 10:58:51
能不能添加一个手电筒。调节亮度,"产品建议,小米11",2021-12-15 10:55:08
摄像头一圈像素作为呼吸灯，有新消息时呼吸灯会亮，颜色渐变。,"产品建议,小米11",2021-12-14 22:45:27
可以弄一个跟mix4的充电选择那种功能吗,"产品建议,小米11",2021-12-14 19:32:29
为什么这么久了，音效还是优化个寂寞，两个扬声器声音，下大上小，只有游戏模式才会一样，那为什么不把游戏模式的音效调到全局呢？声音小？那我不在乎，我只要体验好，你们不是会调呢，通知时再一大一小不就完了，还是说为了给后面机型让路？给前面音效做烂好突出后面机型？？,"产品建议,小米11",2021-12-14 18:54:31
屏幕耗电现在直接删了？,"产品建议,小米11",2021-12-14 15:20:55
兄弟们，出大事了！天气APP不是一直显示每个小时的温度吗，现在突然不显示了，怎么回事？,"产品建议,小米11",2021-12-14 08:57:24
系统升级不是每个月一次吗我都收不到升级的通知,"产品建议,小米11",2021-12-14 06:18:34
😁能不能给私密相册加一个分类或者新建相册的功能,"产品建议,小米11",2021-12-13 22:09:15
小米11啥时候火影上90帧,"产品建议,小米11",2021-12-13 21:54:28
能不能增加一个90HZ的选项  60HZ不丝滑  120HZ＋2K太耗电 续航扛不住啊,"产品建议,小米11",2021-12-13 19:48:38
小米11，WiFi烧坏，开启换机服务，无限烧坏，无限续杯，让你今生一直用新机！,"产品建议,小米11",2021-12-13 17:22:11
关闭双卡双待，打游戏时手机网络才会稳定。不然隔一会就999ms，这谁受得住啊！！,"产品建议,小米11",2021-12-13 15:43:47
自动亮度更加智能，在过暗和普通环境下自动亮度都会表现的过暗。,"产品建议,小米11",2021-12-13 12:03:28
希望小米11恢复哈曼卡顿原厂音质,"产品建议,小米11",2021-12-13 11:59:04
建议学习通增加小窗功能,"产品建议,小米11",2021-12-13 11:23:20
"10S有两个音质版本可选
米11什么时候出","产品建议,小米11",2021-12-13 10:03:56
MIUI什么时候有像华为一样的电脑模式啊？如果有就更好了,"产品建议,小米11",2021-12-12 17:18:05
用了几年小米了，换了11人都疯了，烧完WiFi换新的才四五个月又出问题，重启变1电，不充电电量越来越多突然关机，品控越来越差，差的跟狗一样了,"产品建议,小米11",2021-12-12 16:28:44
小米11，只有60HZ刷新率和120HZ涮新率，能不能增加个90HZ，60不流畅。120太耗电。,"产品建议,小米11",2021-12-12 14:19:19
像水印相机那样。,"产品建议,小米11",2021-12-12 11:15:07
这夜间亮度过亮你们是不可能降低的，我只能通过外挂app实现再降低,"产品建议,小米11",2021-12-12 03:46:17
建议可以研发类似oppo卷轴屏设计的手机，这应该是有不错市场需求的,"产品建议,小米11",2021-12-11 22:50:03
小米是什么勇气让你稳定版断更这么久，这么卡的版本,"产品建议,小米11",2021-12-11 19:08:34
为啥每一次打开负一屏都要重新，非常地影响用户体验，给整个系统造成了卡顿的感觉,"产品建议,小米11",2021-12-11 16:14:25
嗨，我就不告诉你现在多少度，电池温度看不到了,"产品建议,小米11",2021-12-11 15:57:36
小米11什么时候能适配王者的120hz，两个哥都有了,"产品建议,小米11",2021-12-11 12:31:24
可不可以加一个90hz选择模块，120hz真的吃不消啊😫,"产品建议,小米11",2021-12-11 12:13:43
5G都出来了，我为啥用的是3G网，小米实在不行别做手机业务了,"产品建议,小米11",2021-12-11 11:50:56
小米11三十帧又来了12.5.21.12.8游戏修复了个寂寞，九十帧秒变三十，PPT手机PPT系统，直接叫BUGUI算了吧,"产品建议,小米11",2021-12-11 09:58:00
一个是iPhone，一个是小米，都是相机直出，小米11是真的垃圾,"产品建议,小米11",2021-12-11 08:52:01
小米6A数据线太硬了，同样是6A的数据线荣耀的就挺软乎,"产品建议,小米11",2021-12-11 07:35:08
啥时候升到安卓12啊,"产品建议,小米11",2021-12-10 23:48:25
小米手机的闹钟自定义可以加上月历吗，只有星期很不方便,"产品建议,小米11",2021-12-10 20:35:23
"被重启BUG逼着受不了，去了一趟售后，刷了一个远古版本。
诶嘿！不重启了。。。
12.5稳定版和开发版都会自动重启，恢复出厂设置都不管用。
希望MIUI13会好吧，还想着年前换个小米12来着。","产品建议,小米11",2021-12-10 14:27:30
锁屏区分密码指纹还有人脸，目前版本乃至市面的手机都是密码的优先级最高，希望小米能增加让用户选择哪个作为优先级别，比如我选择指纹为最高级别那么就可以通过指纹修改密码或者变更人脸识别，设置密码为最高级别那么密码就优先于指纹，这样的话可以决绝各个用户群体的使用习惯，省得没过72小时就需要验证密码，密码跟指纹都是用户设置，给用户选择权不是更有利于用户使用，有了优先权设置就可以根据不同的用户需求去设置，既可以使手指容易受伤的群体指纹无法识别可以设置密码优先权。又可以使白领人群使用指纹唯一解锁方式。,"产品建议,小米11",2021-12-10 12:43:39
因为我是练体育的，需要使用手机录视频来进行调整动作，但是小米这个不能拖拽慢动作看，拖拽看一卡一卡的。调整倍速播放，但是我需要来回观看同一个地方，就很麻烦，还必须打开视频自带剪辑，希望官方能更新一下，让拖拽视频稍微丝滑一下，不至于只能用调倍速。,"产品建议,小米11",2021-12-10 07:53:16
"希望小米学习一下vivi最新的系统originocean，优点太多，举一个例子，原子笔记，就一个指尖交互，而小米笔记还时不时自我复制，或者丢东西。我上课拍的照片，要滑很久才能到最新的一张照片，提了几次还是没有，毕竟连基本的稳定都没做好。希望MIUI13不要让人失望，不然小米就没有吸引力。<a href=""https://web.vip.miui.com/page/info/mio/mio/homePage?uid=29C9FCB765042EBDAF19C8CAB8561F39&encryptUserId=29C9FCB765042EBDAF19C8CAB8561F39"" target=""_blank"">@北梦禁忌 </a><a href=""https://web.vip.miui.com/page/info/mio/mio/homePage?uid=4FC3186D0757BB498B08C3F21D976140&encryptUserId=4FC3186D0757BB498B08C3F21D976140"" target=""_blank"">@MI小凡 </a><a href=""https://web.vip.miui.com/page/info/mio/mio/homePage?uid=7D6859BACC47D8F1B64CA7A31F0C4729&encryptUserId=7D6859BACC47D8F1B64CA7A31F0C4729"" target=""_blank"">@MIUI陈超 </a>","产品建议,小米11",2021-12-10 00:20:27
这块可否有点距离，不美观,"产品建议,小米11",2021-12-09 23:30:15
"不能很好的衔接，存在优化的空间，
2，手机屏幕出现闪烁，需要优化屏幕角度调节
3玩游戏建议增加亮度锁定，不然一会亮和暗影响游戏体验，和增加眼镜疲劳受损，严重可制失明
望优化，谢谢！","产品建议,小米11",2021-12-09 23:08:05
建议增加超过七天备份自动删除的选项，与备份回收站一同使用。,"产品建议,小米11",2021-12-09 22:49:25
看了很多手机才决定买个小米11本来满怀期待的想多用个几年，结果没多久就爆出钱wifi，一开始以为是黑米粉故意抹黑，慢慢的越来越多，，吓得我现在手机抖音快手都没看过游戏也很少玩了，，害怕烧屏钱wifi的，现在我就想着相机比其他手机像素高拍照片好看，也不知道什么时候开始的 相机不聚焦吧这是，，近距离还行，远距离就是个杂杂。 。。本来一开始还想着等小米12出来了给媳妇换个呢，你说这体验让我真的是不太敢想了，，你说我这4698买了个什么，，，,"产品建议,小米11",2021-12-09 21:22:04
"希望MIUI针对几个常用的容易烧屏视频网站做一些系统级的优化！
我看到很多人看抖音烧屏的，我不看抖音，就是平时小窗看B站，感觉那个位置也烧屏了！","产品建议,小米11",2021-12-09 19:39:10
什么时候才能在设置里添加激活信息啊？,"产品建议,小米11",2021-12-09 19:29:36
小米11不配拥有新的充电动画吗？,"产品建议,小米11",2021-12-09 18:03:18
为什么迷离小窗这个功能不能单独关闭,"产品建议,小米11",2021-12-09 16:14:45
你希望小米11付费开通高精度位置服务吗？,"产品建议,小米11",2021-12-09 10:27:24
能不能解决一下从别的软件切换到微信和QQ看消息时的流畅度？每次从微博、淘宝等其他软件切换到QQ和微信看消息，都会出现4-5秒的停顿才能切换过去。这流畅度就这么流畅吗？,"产品建议,小米11",2021-12-08 20:48:00
小米啥时候能多开应用？今天用了荣耀50，发现分屏之后还可以打开应用，悬浮模式，打游戏可以多开了！这个功能挺好的,"产品建议,小米11",2021-12-08 19:54:59
希望手势提示线可以适配更多软件，在某些应用中屏幕下方会有一道白色，很不舒服。,"产品建议,小米11",2021-12-08 18:20:05
把11的快充整回来吧，现在真的拉。拉死了,"产品建议,小米11",2021-12-08 16:13:43
安卓12锁屏图片白底的时候时间怎么不变成黑色显示呢？运营商怎么不是显示左上角了？？？,"产品建议,小米11",2021-12-08 13:28:20
"暖手宝可以……
40度了，显示温度正常……","产品建议,小米11",2021-12-08 12:29:47
添加打开或关闭5G信号，手动关闭太繁琐还得去设置中心里面,"产品建议,小米11",2021-12-08 09:54:07
"FHD+60fps
只能说牛批😂  啥也不说了
玩到一半烫的不行了 就去看了一眼
好歹别这么烫，低一点也行
别告诉我让我在这么低的温度下开个小风扇，或者是别的啥
","产品建议,小米11",2021-12-08 08:40:24
我觉得mi11需要一个外放音质提升开关，之前因为后盖振手一堆人说 外放被砍了，现在又有人说外放不行。出个开关多好，默认关闭需要的打开，打开时候提示开启后后盖可能会振手,"产品建议,小米11",2021-12-08 08:21:42
小米12能上3d结构光吗，因为解锁比2d好用，希望能用上,"产品建议,小米11",2021-12-08 05:20:57
建议增加蓝牙弹窗功能,"产品建议,小米11",2021-12-07 23:41:37
这个内测没有名额了，你那个按钮就不要给我点进去啊，妈的，点进去信息都输入完了，能却给我说没有了。,"产品建议,小米11",2021-12-07 21:43:42
是不是小米12马上就来了,"产品建议,小米11",2021-12-07 21:30:55
拍照人像不能放大，就不能像以前一样的人像模式吗？,"产品建议,小米11",2021-12-07 18:32:59
屏幕刷新率可不可以改成90和120。60的刷新率有点慢,"产品建议,小米11",2021-12-07 15:47:25
"放口袋里，他自己会打开手电筒，自己会紧急拨号
误触这个bug，从我手机到手一直没解决
最主要是锁了屏，过了一段时间我拿起手机使用时，手机它竟然自己打开天气和小米视频播放视频经常这样。请官方重视一下。","产品建议,小米11",2021-12-07 14:54:07
下拉时，就像前面四项一样。可以快速选择小米钱包，或者simnfc。,"产品建议,小米11",2021-12-07 13:01:44
最为多年的米粉感觉很失望，要被劝退了……,"产品建议,小米11",2021-12-07 09:52:15
我觉得小米11的硬件很优秀了，目前被人吐槽最对的就是发热，卡，耗电快，CPU虚焊，拍照不对焦，这些问题都可以通过优化MIUI都可以解决的，比如优化功耗问题降低发热，优化过渡动画简洁而实用不掉帧。很期待MIUI13让小米11成为真旗舰。,"产品建议,小米11",2021-12-07 09:25:31
米11的电量也太不经用了吧！实际用下来，我平均每天要充电三四次，路上一两小时基本就能把电量耗掉一半多，没有充电宝不敢出门诶。大家的米11都这样吗？,"产品建议,小米11",2021-12-07 09:17:35
功耗发热问题，线性马达震感问题,"产品建议,小米11",2021-12-07 01:24:22
"系统越来越臃肿了，再也不是以前的小米了！
想钱想疯了吧！小米金融你还内置了？？
1.广告多得一批（可关闭）
2.应用内置（无法卸载  小米金融 小米画报 小米视频  小米音乐等）
3.内置应用后台运行(关闭后自动启动)
4.系统花里花哨 (明明可以精简系统又不舍得)
5.小米11最大的败笔，看个电子书一天都要冲几次电，玩游戏简直就是个暖宝宝，天气热点都想把手机丢了。
6.小米11屏幕耗电最严重 简直无法想象占耗电量的60%以上","产品建议,小米11",2021-12-06 22:19:04
"怎么可以把解锁震动剔除，把剩下的震动留下，比方返回震动保留，怎么可以做到。<a href=""https://web.vip.miui.com/page/info/mio/mio/homePage?uid=A3BC3DF975F6E914112437E93AF3493A&encryptUserId=A3BC3DF975F6E914112437E93AF3493A"" target=""_blank"">@小爱同学 </a>","产品建议,小米11",2021-12-06 16:51:32
小米11要王者120帧啊啊啊啊啊,"产品建议,小米11",2021-12-06 15:44:31
闹钟增加倒班设定模式,"产品建议,小米11",2021-12-06 14:11:41
强烈建议官方恢复小米11的出厂版曼哈卡顿音效！！！,"产品建议,小米11",2021-12-06 10:11:51
给个关闭充电提示音的开关吧，求求了！！,"产品建议,小米11",2021-12-06 02:43:09
建议负一屏小部件可以增加显示车票机票等的行程信息,"产品建议,小米11",2021-12-05 15:33:20
大家好，拍路灯眩光太严重!,"产品建议,小米11",2021-12-04 17:36:54
小米11新系统烧WiFi，重启可以连一下连上以后强制重启,"产品建议,小米11",2021-12-04 15:57:06
建议小米11上90帧,"产品建议,小米11",2021-12-04 15:56:39
小米11 现在的音质真的太差劲了一点低音都没有 官方能不能改回来,"产品建议,小米11",2021-12-04 15:14:50
米11会不会适配lhdc4.0啊？☺️,"产品建议,小米11",2021-12-04 14:57:44
小米手机边框掉漆。这是质量问题，还是。。。,"产品建议,小米11",2021-12-04 13:25:47
加个90hz刷新率选项吧 120hz耗电太快了 90才是王道😢😢,"产品建议,小米11",2021-12-04 12:37:16
开发版都没温度显示了 果然还是解决不了问题就解决提问的人,"产品建议,小米11",2021-12-04 12:13:51
想增加镜子的功能，会很方便女生。,"产品建议,小米11",2021-12-04 10:14:18
技术人员请添加一下小米11拍视频的可以调整光圈的选项，专业模式不能调整光圈那不叫专业呀,"产品建议,小米11",2021-12-04 09:17:40
小米十一，桌面工具中，本地时钟显示没有数字时钟，只有如图这种模拟时钟，希望添加一个数字时钟，以前都有的，越更新就没了,"产品建议,小米11",2021-12-04 08:55:41
"11本身音效是不错的，不过功能单一，可以增加自行调教功能！还有就是跟10s那样，有原厂音效切换功能，等等，

<a href=""https://web.vip.miui.com/page/info/mio/mio/homePage?uid=3FB789D10592915B9C758226E0EF1CDC&encryptUserId=3FB789D10592915B9C758226E0EF1CDC"" target=""_blank"">@玩转MIUI </a>毕竟小米是最酷的公司不是？？？","产品建议,小米11",2021-12-03 17:46:23
个人意见。手机横屏可以的话，支持整个手机的横屏，方便使用，弄一个全面横屏的开关，还有半横屏的开关。,"产品建议,小米11",2021-12-03 17:25:58
"【完善长截图功能】
如图1，长截图后拖动底部可以再度裁剪，背景会随之移动，很方便。
但是经常会感觉不自在，因为不确定截图会保留在哪里：是自己手指在的那个横线上，还是 屏幕中央的横线上?
如图2，建议增加一条鲜明的横线，比如下方随手指移动的横线，这样更方便确认长截图保留到哪里。","产品建议,小米11",2021-12-03 10:37:21
11太伤米粉心，这个延保怎么没看到时间。,"产品建议,小米11",2021-12-03 06:11:59
小米11手机拍照白色都变成蓝色,"产品建议,小米11",2021-12-02 23:43:51
建议在打开app合集时壁纸能有放大的动画,"产品建议,小米11",2021-12-02 22:58:08
"希望给手机加入动态天气壁纸，这样不用打开天气就能很直观不错过看天气了，
  小米手表，手环希望加入闪光灯，这样用作穿戴设备的手电筒比屏幕发光会亮的多也不会占太大的位置，闪光灯可以做成横排或者其他","产品建议,小米11",2021-12-02 13:41:00
略显单调，可以自定义或者在优化就好了。其实功能本身听好的。,"产品建议,小米11",2021-12-02 09:07:36
相机调节曝光不好调建议专出一个按钮像调节倍数一样,"产品建议,小米11",2021-12-02 01:13:16
息屏点击显示10秒这个功能，每次点击显示出来很慢，能不能快一点，一般都是看有没有消息和时间的，点击等待显示时间有点长啊，还不如双击点亮屏幕了,"产品建议,小米11",2021-12-01 21:49:57
"目前在用的是米11，
问题主要是屏幕手势这块，在QQ或者微信聊天，看小说（我是用的上下滚动翻页方式），还有其它的，能上下滑动的界面，屏幕手势经常出错，比如返回（左右边框往屏幕中间划）没反应，或者变成上下滑动，就是不给返回，还有返回桌面（底部上滑那个），这个主要是没反应居多，也不知道是不是只有我一个人有这个问题","产品建议,小米11",2021-12-01 21:11:53
稳定版什么时候能把游戏加速里面的音质优化的开关弄出来。一进游戏就声音特别小。纯纯的负优化啊。,"产品建议,小米11",2021-12-01 19:40:15
能不能出个小软件，把11烧屏问题解决了，把那个抖音加号和推荐两个字隐藏了,"产品建议,小米11",2021-12-01 16:48:27
"小米11在极度暗光的条件下，屏幕亮度太亮了，建议可以让用户选择最低亮度能到什么程度。

有的应用在无操作的情况下，在熄屏前，会将屏幕调的特别暗，但还是有显示，希望最低亮度可以达到那样的效果。（接近于IPS屏幕背光板不亮但有显示的那种程度）","产品建议,小米11",2021-12-01 11:43:23
"现在的指纹识别效果选择少，不咋好看。重要的是非常卡非常卡，还不能关闭。也不指望你们优化的好看流畅了，加个关闭按钮吧。
还有指纹识别的震动效果，既然用了线性马达为什么还弄成嗡嗡嗡的效果？希望改动。","产品建议,小米11",2021-12-01 11:10:55
"小米还是改不了这个毛病

雷总，我们要的不是首发，要的是稳定不发热，你干嘛每次都抢首发呢，难到就为了首发这两个字吗?芯片出事了第一个被骂的就是小米，第一批芯片都很不稳定制造都不是很成熟，晚一两个月发布给自己多点时间好好优化系统和硬件，让友商先首发对小米有什么损失吗，小米不是被友商玩完了，而是被自己玩死了","产品建议,小米11",2021-12-01 09:52:55
求健康管理里面有个每日喝水提醒！！！,"产品建议,小米11",2021-12-01 09:48:03
强烈建议，而且必须，小米11跟10s似的把出厂音效给个开关,"产品建议,小米11",2021-11-30 17:10:57
可以设置一个开关嫌弃震手的可以用当前版本，为什么直接砍很多人就是冲着还有哈曼卡顿的名头来的，现在直接被阉割了,"产品建议,小米11",2021-11-30 16:21:43
希望能出一个设置，可以关闭锁屏以后的负一屏,"产品建议,小米11",2021-11-30 16:06:46
"操作步骤
此版耗电排行，没有亮屏时间了
预期结果
此版耗电排行，没有亮屏时间了
实际结果
此版耗电排行，没有亮屏时间了
补充说明
此版耗电排行，没有亮屏时间了","产品建议,小米11",2021-11-30 15:02:06
我比较喜欢打游戏，主要是枪战类型的，所以希望游戏空间加一个外置的实时帧率，一个小窗口，类似于某魔游戏手机的那种。现在的游戏空间滑出来看有点麻烦，还不能滑动屏幕。,"产品建议,小米11",2021-11-30 13:56:55
希望密码自动充填可以微信QQ这些,"产品建议,小米11",2021-11-30 13:33:19
小米11双击背壳的响应太灵了，导致手机放桌上都会自动触发，我设置的是截屏，老莫名其妙就截了一张,"产品建议,小米11",2021-11-30 12:15:12
米11系统升级到最新后小米笔记的定时提醒功能失效了？！！设置好提醒时间，笔记里能看到多少分钟后提醒，但时间到了什么都没发生，提醒时间直接变成刚刚。以前这功能用得很好，现在总是漏提醒误事。把小米笔记升级到最新，笔记权限全开也解决不了，重启手机会好点，过段时间又不行了，我总不能天天重启手机吧？笔记有时提醒有时不提醒，基本上设置时间超过半小时的就不提醒了，屏幕弹出消息下啦列表里也没有。,"产品建议,小米11",2021-11-30 09:34:52
你好，建议增加自动亮度下自定义最低亮度设置，现有的自动亮度暗光环境中屏幕亮度太低，手动调整亮度过会儿又变暗，没法长久保持手动修改的亮度。,"产品建议,小米11",2021-11-29 23:03:37
今天刚买的米11素皮版还没怎么玩就达到了82°这要是夏天不得90多啊后悔买素皮了,"产品建议,小米11",2021-11-29 22:22:57
"操作步骤
安全中心电量管理屏幕耗电
预期结果
赶紧加回来，别负优化了！说温度高取消温度显示说耗电太快直接取消屏幕使用时间，真有你的miui，呵呵
实际结果
赶紧加回来吧，好好优化不行吗？
补充说明
赶紧加回来，别负优化了！说温度高取消温度显示说耗电太快直接取消屏幕使用时间，真有你的miui，呵呵","产品建议,小米11",2021-11-29 20:55:28
这系统桌面升级都不分稳定版和内测版吗，我是稳定版，你内测版只给内测版推,"产品建议,小米11",2021-11-29 16:06:39
小米11的续航跟10S的真的不能比啊，用媳妇的小米11一天一充不够，用自己的小米10S一天一充还有余，差距有点大，，，希望小米11的续航能好好优化下！！！,"产品建议,小米11",2021-11-29 15:17:52
米11玩火影没90帧，更新太慢，等12出来再来90帧，就该换品牌买手机了，不好意思,"产品建议,小米11",2021-11-29 14:57:18
"120hz太耗电
60hz太卡","产品建议,小米11",2021-11-29 10:00:46
强烈建议，而且必须，小米11跟10s似的把出厂音效给个开关,"产品建议,小米11",2021-11-29 09:39:51
动态刷新率还没吗？120hz+2k电量扛不住了。。。。。。。。。。,"产品建议,小米11",2021-11-29 09:13:58
这一手玩的666,"产品建议,小米11",2021-11-29 04:39:27
"小米现在品控真的太差了，掉地上手机重启了然后没电了，充满电重启又没了，充满电拔开线之后电量一直显示100不会掉电的直到用完电关机都是显示100电，百度才知道电池松了就会这样<a href=""https://web.vip.miui.com/page/info/mio/mio/homePage?uid=C182AB7A20E6714BBFC10D29CB4BF521&encryptUserId=C182AB7A20E6714BBFC10D29CB4BF521"" target=""_blank"">@负责人在线 </a><a href=""https://web.vip.miui.com/page/info/mio/mio/homePage?uid=28E92AF773CA73CFACB0420E1B506486&encryptUserId=28E92AF773CA73CFACB0420E1B506486"" target=""_blank"">@雷军 </a>","产品建议,小米11",2021-11-28 23:32:25
12.5.15版本视频播放器返回下巴一圈漏光,"产品建议,小米11",2021-11-28 20:37:45
"恢复哈曼卡顿最初的音质
恢复哈曼卡顿最初的音质
恢复哈曼卡顿最初的音质
恢复哈曼卡顿最初的音质
恢复哈曼卡顿最初的音质
恢复哈曼卡顿最初的音质
恢复哈曼卡顿最初的音质
恢复哈曼卡顿最初的音质
恢复哈曼卡顿最初的音质
恢复哈曼卡顿最初的音质
恢复哈曼卡顿最初的音质
恢复哈曼卡顿最初的音质
恢复哈曼卡顿最初的音质
恢复哈曼卡顿最初的音质
恢复哈曼卡顿最初的音质
恢复哈曼卡顿最初的音质
恢复哈曼卡顿最初的音质
恢复哈曼卡顿最初的音质","产品建议,小米11",2021-11-28 20:31:06
把小米11的音量和震动调大点吧。现在的震动调到最大都和没有震动差不多！音量也是，好意思放卡曼哈顿图标吗？,"产品建议,小米11",2021-11-28 18:11:08
为啥我的小米11放兜里一直误触，也没找到防误触模式,"产品建议,小米11",2021-11-28 14:42:08
小米11打开哈罗单车，扫码经常是黑的，或者打开扫码，画面很亮扫不到码，而且手机定位经常出问题，哎哎哎。,"产品建议,小米11",2021-11-28 13:02:39
恢复小米11使用55W原装充电器时显示55Wmax标识,"产品建议,小米11",2021-11-28 09:12:09
是不是怕我们知道自己的手机温度太高啊，更新了最新的手机管家之后，电池温度显示变成了正常两个字，而不是真实温度。😂,"产品建议,小米11",2021-11-28 08:30:33
，很多时候单指长按会和别的软件起冲突,"产品建议,小米11",2021-11-28 07:18:14
能搞笑脸抓拍嘛,"产品建议,小米11",2021-11-27 23:14:33
小米能不能把手电筒和NFC的快捷键调成不一样啊，这俩我都常用，现在只能用其中之一的快捷键,"产品建议,小米11",2021-11-27 17:10:47
温度较低是多少啊。。。,"产品建议,小米11",2021-11-27 12:49:08
什么时候更新hldc4.0啊,"产品建议,小米11",2021-11-27 12:45:35
建议优化传送门唤醒方式，很多时候单指长按会和别的软件起冲突,"产品建议,小米11",2021-11-27 12:18:21
我想跳青年大学习！,"产品建议,小米11",2021-11-27 06:59:14
勿扰模式定时最好可以定准确的时间，现在的勿扰模式只能定30分钟和1小时2小时,"产品建议,小米11",2021-11-26 21:40:45
游戏模式的消息屏蔽，微信语音一来就全屏，这有什么用啊？不能来电缩小化吗？,"产品建议,小米11",2021-11-26 16:31:44
输入法的剪贴板保存时间能长点吗？🌝🌝,"产品建议,小米11",2021-11-26 16:08:29
希望增加状态栏歌词,"产品建议,小米11",2021-11-26 14:41:30
公司的一个常规的投影仪，突然有天会议，突发奇想，用USB-C的转接头，本来是连电脑投影的，我把转接头的typec头接到手机上了，想看看能不能手机用投影仪投，结果不行。。。。可气的是，同事四年前的华为手机一插上去？结果行了。。。。尴尬至极，华为无论是不是鸿蒙，然后我想是不是鸿蒙系统好，结果华为的Emui系统的手机也行。。。这个转接头，绿联的,"产品建议,小米11",2021-11-26 13:56:56
才发现电池温度也不敢显示了，真就自欺欺人呗,"产品建议,小米11",2021-11-26 11:04:42
小米11稳定版的传送门什么时候能上双指长按和区域识别？,"产品建议,小米11",2021-11-26 10:43:02
这个键盘优化有什么用？输入法自己的功能就能完胜，还非得在下边放两个按钮，而且按键区域也变小了，这不是脱了裤子放屁吗,"产品建议,小米11",2021-11-26 10:13:31
小米11怎么还玩不了刺激战场国际服吃鸡,"产品建议,小米11",2021-11-26 07:43:19
"小米11的接近光传感器真是垃圾不灵敏，说是超声波距离传感器。其实是用陀螺仪来实现功能的。如果手机正在开着导航软件会影响陀螺仪的使用效果造成接电话时黑屏，亮屏不灵敏。导航软件前进方向感是利用陀螺仪来实现方向指示的。如果同时使用会影响导航软件的方向感不准确会经常让手机画“8字”来校准陀螺仪很烦！而且超声波传感器。已经用到了小米的旗舰系列，数字系列，全面屏系列。希望小米能在手机设计的时候，使红外光距离传感器来提高使用体验。不要使用超声波距离传感器来控制屏幕自动熄灭和亮屏打电话的时很不灵。经常黑屏！希望雷总能采纳我的意见。（超声波距离传感器以用在小米数字系列全部产品旗舰机不应该是这种体验）<a href=""https://web.vip.miui.com/page/info/mio/mio/homePage?uid=C22D6FE505B896A0C8EC132601432757&encryptUserId=C22D6FE505B896A0C8EC132601432757"" target=""_blank"">@MI雷军 </a><a href=""https://web.vip.miui.com/page/info/mio/mio/homePage?uid=EAB60E9CC7774B90A30DCAB99CF59619&encryptUserId=EAB60E9CC7774B90A30DCAB99CF59619"" target=""_blank"">@MiCEO雷军 </a><a href=""https://web.vip.miui.com/page/info/mio/mio/homePage?uid=C22D6FE505B896A0C8EC132601432757&encryptUserId=C22D6FE505B896A0C8EC132601432757"" target=""_blank"">@MI雷军 </a><a href=""https://web.vip.miui.com/page/info/mio/mio/homePage?uid=746DCC6FBDE81CF3962ADB14F4AFA998&encryptUserId=746DCC6FBDE81CF3962ADB14F4AFA998"" target=""_blank"">@小米11手机用户 </a>","产品建议,小米11",2021-11-26 01:43:54
大哥们求求你们修复下距离感应器吧不然恶心死了,"产品建议,小米11",2021-11-26 00:57:52
"指南针什么时候能恢复经纬度<a href=""https://web.vip.miui.com/page/info/mio/mio/homePage?uid=28E92AF773CA73CFACB0420E1B506486&encryptUserId=28E92AF773CA73CFACB0420E1B506486"" target=""_blank"">@雷军 </a><a href=""https://web.vip.miui.com/page/info/mio/mio/homePage?uid=2E82B91F89EBF0D96D75B2CA495DDD63&encryptUserId=2E82B91F89EBF0D96D75B2CA495DDD63"" target=""_blank"">@小米杨金帆 </a>","产品建议,小米11",2021-11-25 22:56:59
强烈建议，而且必须，小米11跟10s似的把出厂音效给个开关,"产品建议,小米11",2021-11-25 19:31:13
"小米11 
从省电模式切回到正常模式时，手机锁屏壁纸不再是原来壁纸，而会变成经典壁纸。","产品建议,小米11",2021-11-25 19:07:39
通知栏什么时候有5g开关。。,"产品建议,小米11",2021-11-25 12:10:57
"为什么小米11不可以官方换外屏？
这是不是一种资源浪费？","产品建议,小米11",2021-11-25 11:07:59
用户可以设置指纹解锁时不振动么？类似声音这种，或者简单就做在指纹解锁动效的设置那里，加一个选项，让用户可以自己决定是否要解锁振动（主要是解锁震动总感觉体验没太跟上）,"产品建议,小米11",2021-11-25 10:00:39
这多核跑分也太低了吧，多次低温下跑分都这个样子，已开性能模式和各种优化，还不如骁龙865,"产品建议,小米11",2021-11-25 09:50:29
这温度显示,"产品建议,小米11",2021-11-25 09:47:57
发现现在的自动亮度越来越差了，该亮不亮，该暗不暗。,"产品建议,小米11",2021-11-25 07:08:21
建议增加一个位置穿越功能，可以直接在地图上穿越到另外一个位置,"产品建议,小米11",2021-11-24 21:08:59
这里增加一个可以修改位置的功能，可以直接修改gps定位的那种,"产品建议,小米11",2021-11-24 21:05:56
建议增加一个可以修改位置信息的功能，可以直接修改GPS定位的那种,"产品建议,小米11",2021-11-24 21:04:51
建议增加一个可以修改位置信息的功能，可以直接修改GPS定位的那种,"产品建议,小米11",2021-11-24 20:59:53
建议笔记侧边栏不要整合到智能工具箱。像之前一样独立出来更高效。,"产品建议,小米11",2021-11-24 19:08:12
"小米手机 电源键与音量键 按压回弹手感问题 
当时新机就有点问题 按键有点松 换了个小米11（因为WiFi烧了）
这两个手机按键这里都有问题  时间长了 回弹反馈就变得越来越弱了
哎 你看看隔壁花为 按键手感贼好 冬天在外面反馈也明显
可能我小米11是次旗舰？ 不堆好料吗？ 小米9小米8也这样但比11好点 红米note7 k20pro note5也是按键回弹的反馈感 不强（这些是我用过的 而且是新机入手的）","产品建议,小米11",2021-11-24 18:05:29
我新到了一台小米10s，同样哈曼卡顿，小米10s效果简直比11好多了，为什么小米11被砍的跟什么一样了，就算震手也不要一刀砍好不好，那一刀砍了，那哈曼卡顿还有什么意义,"产品建议,小米11",2021-11-24 14:57:13
请求小米11恢复哈曼卡顿音质,"产品建议,小米11",2021-11-24 14:39:57
建议调节一下手机指纹识别夜间的亮度，大晚上太刺眼了。,"产品建议,小米11",2021-11-24 12:14:05
什么才能更新12了，这都多长时间了,"产品建议,小米11",2021-11-24 12:11:15
系统做好优化稳定就足够了，没必要加那么多乱七八糟用不到的功能。,"产品建议,小米11",2021-11-24 11:34:14
强烈建议，而且必须，小米11跟10s似的把出厂音效给个开关,"产品建议,小米11",2021-11-24 09:41:21
负一屏的出行助手怎么取消了。挺好用的一个功能,"产品建议,小米11",2021-11-24 08:32:26
小米11的烧wifi看来绝非小概率事件，给女朋友和妈妈买的手机先后都烧了，自己的手机还瑟瑟发抖，好不容易从iphone换过来，小米就用这样的软硬件面对用户，等个米表2也等半天不来，真是太让人失望了！,"产品建议,小米11",2021-11-24 08:22:08
QQ这个全面屏啥时候能优化一下，太丑了，一点都不协调,"产品建议,小米11",2021-11-24 07:52:31
小米11什么时候支持游戏加速打开WLAN下自动更新游戏资 源,"产品建议,小米11",2021-11-23 23:29:49
可以接入其他品牌的手表数据,"产品建议,小米11",2021-11-23 22:51:44
为什么铃声干巴巴的，而用音乐播放器放出来的好听，设置铃声就没得质感，铃声没有通过哈曼卡顿音效播放吗,"产品建议,小米11",2021-11-23 21:45:38
能不能优化下下载功能，每次商店下载更新就会占用所有的网速，下载是十几MB每秒，但是你连网页都打不开，所有程序只要联网的，不管网络资源占用多少全部瘫痪。,"产品建议,小米11",2021-11-23 18:21:18
办公室突然来电，听筒声音过大，同事也可以听到，我这时一般先按音量键静音，然后拿出蓝牙耳机，准备用耳机接听，但是MIUI来电时，无法返回，无法下拉通知栏，我无法打开蓝牙开关，太难用了，我只能先挂断，准备好蓝牙耳机，再拨回去,"产品建议,小米11",2021-11-23 18:00:11
"问题：当天屏幕使用时间到了限额之后若延长了单个APP的时间（比如仅延长20分钟），如果当天20分钟的时间没有用完，在二天会继续计算前一天的时间直到限额用完显示APP今日时间已用尽，需要重新清除后台才能正常使用，这样很不方便。

建议：希望屏幕使用时间在第二天开始的时候对所有的APP可以使用的时间刷新，不要因为前一天对某个APP延长了一段使用时间而在第二天显示今日额度已用完。（不知道我表述清楚了没有🤐）","产品建议,小米11",2021-11-23 12:39:55
手机和汽车连接的时候不需要，车机不用安装软件就能连接，特别是国产奇瑞瑞虎8Plus车型，用百度投屏软件很难用，希望手机可以无缝连接。工具内多些手机应用。,"产品建议,小米11",2021-11-23 10:00:27
开发版系统  短信验证码没有复制按钮   更麻烦了,"产品建议,小米11",2021-11-23 02:13:45
曲屏机型在息屏状态下播放音乐时，屏幕边缘会随着音乐节奏发出光效，比如像vivoX60Pro一样的音乐光效。,"产品建议,小米11",2021-11-23 02:00:42
一直使用翻盖保护套，我看小米也出了官方的翻盖皮保护套，发布会还专门展示了。结果小米11居然没有保护套解锁和锁定功能，之前的各种老机型都有，希望赶紧加上。,"产品建议,小米11",2021-11-22 19:49:57
小米11玩王者，基本在连续第三局就开始疯狂掉帧了，有时候一团战直接废了，希望优化，这不是我四千多的手机该有的水平,"产品建议,小米11",2021-11-22 19:30:19
"1.这个功能在使用翻盖手机保护套时十分需要。
2.省去了解锁的二次操作。","产品建议,小米11",2021-11-22 19:21:42
实名想要大文件夹功能，是真的方便又美观,"产品建议,小米11",2021-11-22 18:26:25
"系统手电筒，希望有个档位调节
不只是单单的固定挡","产品建议,小米11",2021-11-22 15:48:59
"强烈建议，而且必须，跟10s似的把出厂音效给个开关，现在手机都快没声了<a href=""https://web.vip.miui.com/page/info/mio/mio/homePage?uid=09FEB47A9C3B212064EE711CE1229B51&encryptUserId=09FEB47A9C3B212064EE711CE1229B51"" target=""_blank"">@不是李白Recognize </a><a href=""https://web.vip.miui.com/page/info/mio/mio/homePage?uid=B75265E308F91E176E83A8CAF3DD1FF5&encryptUserId=B75265E308F91E176E83A8CAF3DD1FF5"" target=""_blank"">@小米动态 </a><a href=""https://web.vip.miui.com/page/info/mio/mio/homePage?uid=DE46A083E2FA9EC9D5E611A1445F5133&encryptUserId=DE46A083E2FA9EC9D5E611A1445F5133"" target=""_blank"">@小米李松松 </a><a href=""https://web.vip.miui.com/page/info/mio/mio/homePage?uid=63E5F494F8BAEA78ACD56F7F39A28E01&encryptUserId=63E5F494F8BAEA78ACD56F7F39A28E01"" target=""_blank"">@小米社区 </a>","产品建议,小米11",2021-11-22 15:43:21
"主页显示的天气怎么不显示地名
希望能够改善
<a href=""https://web.vip.miui.com/page/info/mio/mio/homePage?uid=50ED9F5831BA34CFB72CE2FFF9004900&encryptUserId=50ED9F5831BA34CFB72CE2FFF9004900"" target=""_blank"">@..雷军. </a>","产品建议,小米11",2021-11-22 11:59:13
"建议状态栏增加5G快捷开关，理由如下:
  日常4G网够用，但是下载文件和看视频网络容易卡，所以会使用5G网。
  但是用5G网容易使手机发热，掉电也快，文件下载完或者视频缓冲完毕会关闭5G网，又要去设置找5G开关关闭。
  日常使用在不断地切换中耗费了时间和精力。
  至于谈到5G开关下面的5G智能切换，他并不能很好的很智能的完全满足我的网络使用，所以我只能把它关闭。
  我在日常使用流量，需要不断地进入设置打开和关闭5G网，是真的很费功夫。而手机这类商品，重在使用体验服务，这种很不方便用户的设置，很影响用户对于小米的使用体验。
  希望看在我那么认真提建议的份上，采纳我的建议，在状态栏增加5G的快捷开关，谢谢！","产品建议,小米11",2021-11-22 07:42:28
1.建议小米11增加智能充电保护功能，社区好多旧机型都有，小米11却没有！,"产品建议,小米11",2021-11-22 01:02:57
希望官方可以把手机屏幕维修服务中的内外屏一体调整一下，手机只碎裂外屏的话，换内外屏就太不划算了，并且很多人就会选择不维修，希望官方可以采纳一下意见，谢谢。,"产品建议,小米11",2021-11-21 23:16:47
建议官方多发布几款超级壁纸,"产品建议,小米11",2021-11-21 22:30:03
第一个11用了不到半年，就自己关机开不了机，换了个新的用了不到两个月数据打不开，真的是无语了，这就是小米吗，用心做一下手机吧，这辈子再不碰小米。,"产品建议,小米11",2021-11-21 21:55:33
希望能出个和努比亚一样的克隆相机,"产品建议,小米11",2021-11-21 19:15:06
朋友们，我想问一下，首发买的应该都是小米的粉丝吧，但是我近几天看到社区里好多WLAN烧坏的，但是，首发买的朋友们如果没有买延保，过了180天，又不能买，如果出现质量问题是不是就认倒霉了，我本想一个手机用时间久一点，就是只能这样了吗？,"产品建议,小米11",2021-11-21 18:34:50
有没有想过是手机坏的才不能达到55w超级快充,"产品建议,小米11",2021-11-21 17:47:12
优化个扬声器音效就这么难吗,"产品建议,小米11",2021-11-21 16:11:17
为什么小米的互传不能传应用的安装包啊，什么时候改进一下呗，挺不方便的。,"产品建议,小米11",2021-11-21 13:20:32
为什么小米11微信视频和微信语音通话的时候，不能录屏，同样情况下我的小米9就可以,"产品建议,小米11",2021-11-21 02:32:34
"求助！提问！关于相册问题
我记得以前什么音频都支持，不知道什么时候，视屏配个音乐，十首有九首不支持，到底什么音频格式才能支持？系统就不能适配一下，各种格式？如图","产品建议,小米11",2021-11-21 01:08:27
文件管理的多选是真牛马,"产品建议,小米11",2021-11-20 18:56:35
"马上2022年了，小米依然不是usb3.0，依然无法dp投屏。一想到上次小米9屏幕碎了，我想直接换手机，把数据导到新手机上。售后说，你只能先把小米9屏幕修好，再自己导数据，着实把我恶心到了。
小米再不出dp投屏的手机，以后就不会再买了。","产品建议,小米11",2021-11-20 17:42:42
通话管理和网络管理占用内存太大,"产品建议,小米11",2021-11-20 17:14:33
"小米能不能发一款天玑9000的真旗舰机啊！<a href=""https://web.vip.miui.com/page/info/mio/mio/homePage?uid=28E92AF773CA73CFACB0420E1B506486&encryptUserId=28E92AF773CA73CFACB0420E1B506486"" target=""_blank"">@雷军 </a>","产品建议,小米11",2021-11-20 15:06:50
小米11截完图在微信打字就会很卡,"产品建议,小米11",2021-11-20 10:19:06
果然不出意外，现在更新日志每次都写这两个，其实大家都想知道更新了什么，开发组写了才能让大家去尝鲜，反馈，每次啥也不写，怎么反馈,"产品建议,小米11",2021-11-20 10:09:40
能不能给弄个时钟插件，会走秒，有怀旧感那种,"产品建议,小米11",2021-11-20 10:02:47
"手机静音模式下以前能设置静音时长，现在已经不能这么设置。
希望能继续有设置静音时长模式","产品建议,小米11",2021-11-20 09:28:43
"现在是21.11.17，最新版
自从9号版本以后更新越来越卡
8号版本之前那是流畅的批爆啊，这是负优化了什么东西","产品建议,小米11",2021-11-19 22:56:16
"开箱一周的小米11初体验:
      本人之前用的麒麟980的骑士magic2，这次买小米11的经历和之前买骑士的场景相当类似，和小米米线3一样由于设计不讨喜，也是在双11左右大概两千六左右买的，用了骑士两年，系统方面不管是不是套壳是我喜欢的流畅、没有太多的冗余，丑是有些丑，还有就是手机有点厚，由于懒得戴套手机磕碰的有点严重、手机屏幕都有点和机体脱离了，用了一周有些感受
1、手机一买回来我就设置的120hz刷新，耗电是有点快，手机震动反馈不错，机身很轻薄，屏幕显示不错但是手机实体按键拉胯、太松动了，我感觉用点劲能拽下来，不能忍，用过的手机按键最松动的；
2、手机系统总是感觉有细微的卡，不知道是不是屏幕是2k，我觉得非必须2k的场景可以调节显示效果，还有就是系统臃肿，说做减法没看到，手机管家都做的顶上电脑360齐全了，基本上半年打不开几次搞那么复杂?还有那个小米黄页我记得我之前刷机搞MIUI玩的时候都懒得用啊
3、我用的华为watch2gt，现在跑步后手机下载华为健康运动可以导入跑步的信息，但是小米健康又显示的是白天正常的运动信息，小米健康就不能调用一下华为健康的数据汇总一下吗","产品建议,小米11",2021-11-19 21:39:34
不到一年电池已经开始不行了,"产品建议,小米11",2021-11-19 20:40:03
"小米11，刷新率官方只有60，和120两个选项，日常如果60，达不到丝滑，如果120又不够一天日常电量，

我仅代表中共人民建议官方给个90选项，完美卡在中间，玩游戏也够用，支持举手🙋🏻‍♂️🙋🏻‍♀️","产品建议,小米11",2021-11-19 18:21:03
"我是从2012年开始用小米手机，我对小米手机还是比较关注的。说句实在话，今年发布的小米手机正面没有一款好看，反倒是红米手机外观好看。
其中红米k40系列手机成为网红手机，最主要的原因除了配置以外，美观方面非常重要，正面的美观是第一念直觉，差不多就能够决定这款手机的成败。从淘宝和京东发现红米的网红手机那么多款，这些这些都有一个共同点，前置摄像头都在中间。
中间代表“正”。有句俗话：中气诞生中华，偏气产生蛮夷。中间就是堂堂正正，从中国的文字方块字来说也就是堂堂正正。你看那些偏气蛮夷的文字像什么东西。
讲到这里，其实也就是说咱们中国人的审美观，堂堂正正、顶天立地。今年发布的小米手机如果从性能来说确实很高，都是看双11，没有一款手机是前10名的，其实这些这些小米手机不是不好，唯一缺陷就是审美观问题，我在9月份的时候买1台手机，我的选择是小米10s和红米k40pro+，但是我最终选择k40pro+，当然我是比较小米的外形手感，但是小米10s前置摄像头不符合审美观。
看今年双11，小米对小米10s的促销力度那么大，但是用户的买账并不怎么样，可以说明前置摄像头在旁边不符合审美观，特别是现在经常打视频电话，摄像机确实怎么放都是偏的。
当然关于手机的屏幕，小米10系列6.67吋这个尺寸比较合适，像小米11系列6.81吋确实有点偏大，口袋都装不下。","产品建议,小米11",2021-11-19 15:39:46
能不能搞一个蓝牙音频设备切换的软件呀，,"产品建议,小米11",2021-11-19 12:28:52
速记功能建议增加自选标记悬停位置，与视频工具箱一样。速记板悬停位置与视频工具箱同侧，日常使用误触很不方便。,"产品建议,小米11",2021-11-19 12:23:49
掩耳盗铃啊 不显示温度。怎么不把安兔兔里面也改成正常,"产品建议,小米11",2021-11-19 12:17:01
把音质修复一下 提升一下 声音小了很多 而且打游戏的声音不是一般的小,"产品建议,小米11",2021-11-19 10:45:04
绝了，刚反馈完卡屏bug，就给我连卡好几下,"产品建议,小米11",2021-11-18 23:03:31
希望带壳截图可以设置的小一点，现在系统自带的都是填满的，完全看不出手机长什么样,"产品建议,小米11",2021-11-18 22:22:44
时不时的黑屏，我觉得是手机感光调教出了问题了，希望尽快解决,"产品建议,小米11",2021-11-18 20:02:43
温度，你变了,"产品建议,小米11",2021-11-18 19:55:10
即便拉黑，我也无法通过通话记录列表判断哪些是被我拉黑过的。非得点进去才知道。,"产品建议,小米11",2021-11-18 19:18:29
建议出个呼吸灯，,"产品建议,小米11",2021-11-18 17:08:43
好久能到300分啊，好想内测啊。,"产品建议,小米11",2021-11-18 15:58:48
希望小米11关机的时候需要锁屏密码,"产品建议,小米11",2021-11-18 13:30:08
指关节截图画圈截图截图比较困难，优化一下。,"产品建议,小米11",2021-11-18 11:15:38
最新版手机管家 不给显示温度了,"产品建议,小米11",2021-11-18 03:26:41
官方大佬们好，程序工程师们好，有个提议，就是手机的高刷，出个智能选择刷新率，玩游戏的时候，看高清视频给上高刷，待机，或者不需要高刷的时候，默认回归60赫兹。,"产品建议,小米11",2021-11-18 00:46:09
"MIUI12.5 15.0这个版本发热异常严重 玩一局游戏或者日常使用中基本在40°以上 玩多了就是在44度到45度徘徊。然后就是掉电比上一个版本快 希望尽快优化一下 减少其功耗降低温度 望受到官方重视<a href=""https://web.vip.miui.com/page/info/mio/mio/homePage?uid=7D6859BACC47D8F1B64CA7A31F0C4729&encryptUserId=7D6859BACC47D8F1B64CA7A31F0C4729"" target=""_blank"">@MIUI陈超 </a>","产品建议,小米11",2021-11-17 19:35:46
"连接蓝牙自动打开WIFI热点
能不能实现连接特定蓝牙后自动打开WIFI热点的功能？开车还是很需要这个功能，其他品牌比如三星，华为都有，应该不是很大的技术难题吧。或者出个自动任务也可以","产品建议,小米11",2021-11-17 16:34:45
电池温度显示还在啊,"产品建议,小米11",2021-11-17 16:27:14
增加小窗口模式下 微信可以在朋友圈看见评论字体和发送按钮,"产品建议,小米11",2021-11-17 16:26:00
昨天小米11躺板板了  无语 卡住黑屏死机无法重启直接变砖,"产品建议,小米11",2021-11-17 14:57:55
11.5升级完电池温度显示正常，竟然不显示具体温度了？！,"产品建议,小米11",2021-11-17 14:33:11
